date,week,year,month,day,volume,close,vwap,trade_count
2019-01-02,1,2019,January,Wednesday,11836650,310.12,307.640086,144873
2019-01-03,1,2019,January,Thursday,7087451,300.36,302.152581,81545
2019-01-04,1,2019,January,Friday,7538704,317.69,311.967824,84464
2019-01-07,2,2019,January,Monday,7660432,334.96,330.7526,87650
2019-01-08,2,2019,January,Tuesday,7212138,335.35,335.523364,75881
2019-01-09,2,2019,January,Wednesday,5524550,338.53,339.122187,60078
2019-01-10,2,2019,January,Thursday,6144686,344.97,340.228154,68050
2019-01-11,2,2019,January,Friday,5127247,347.26,343.886113,56675
2019-01-14,3,2019,January,Monday,5332763,334.4,338.13793,58464
2019-01-15,3,2019,January,Tuesday,6137837,344.43,344.004213,70892
2019-01-16,3,2019,January,Wednesday,4789618,346.05,348.710617,52794
2019-01-17,3,2019,January,Thursday,3766877,347.31,347.740889,41335
2019-01-18,3,2019,January,Friday,24359859,302.26,311.62136,284608
2019-01-22,4,2019,January,Tuesday,12307082,298.92,299.771647,134792
2019-01-23,4,2019,January,Wednesday,12730262,287.59,288.03326,153488
2019-01-24,4,2019,January,Thursday,8234064,291.51,287.96462,92159
2019-01-25,4,2019,January,Friday,7365489,297.04,294.384165,83003
2019-01-28,5,2019,January,Monday,6536493,296.38,293.506564,74273
2019-01-29,5,2019,January,Tuesday,4704262,297.46,295.625578,53973
2019-01-30,5,2019,January,Wednesday,11365394,308.77,303.098997,140201
2019-01-31,5,2019,January,Thursday,12747995,307.02,304.783981,141567
2019-02-01,5,2019,February,Friday,7373679,312.21,311.687281,83571
2019-02-04,6,2019,February,Monday,7450525,312.89,310.940929,80471
2019-02-05,6,2019,February,Tuesday,6838653,321.35,319.360257,78406
2019-02-06,6,2019,February,Wednesday,5133980,317.22,319.293018,56123
2019-02-07,6,2019,February,Thursday,6621295,307.51,308.518619,76035
2019-02-08,6,2019,February,Friday,5913114,305.8,302.941779,69817
2019-02-11,7,2019,February,Monday,7231107,312.84,314.573506,76790
2019-02-12,7,2019,February,Tuesday,5638784,311.81,314.283131,58003
2019-02-13,7,2019,February,Wednesday,5247339,308.17,308.378285,56322
2019-02-14,7,2019,February,Thursday,5334815,303.77,304.034401,57502
2019-02-15,7,2019,February,Friday,4009317,307.88,306.617897,42988
2019-02-19,8,2019,February,Tuesday,4248072,305.64,308.115895,46465
2019-02-20,8,2019,February,Wednesday,7239810,302.56,302.369006,86381
2019-02-21,8,2019,February,Thursday,9094718,291.23,296.202547,103732
2019-02-22,8,2019,February,Friday,5892671,294.71,294.232473,68886
2019-02-25,9,2019,February,Monday,6727349,298.77,299.158686,72645
2019-02-26,9,2019,February,Tuesday,8718235,297.86,296.407534,95819
2019-02-27,9,2019,February,Wednesday,11307356,314.74,310.679514,117960
2019-02-28,9,2019,February,Thursday,10679336,319.88,316.398636,113134
2019-03-01,9,2019,March,Friday,23064224,294.79,296.910074,262716
2019-03-04,10,2019,March,Monday,17281381,285.36,287.642036,205012
2019-03-05,10,2019,March,Tuesday,18970957,276.54,276.891561,221813
2019-03-06,10,2019,March,Wednesday,10637274,276.24,277.21664,106305
2019-03-07,10,2019,March,Thursday,9596428,276.59,279.393099,100222
2019-03-08,10,2019,March,Friday,8962341,284.14,280.636887,90602
2019-03-11,11,2019,March,Monday,7568379,290.92,287.305468,84668
2019-03-12,11,2019,March,Tuesday,7669280,283.36,283.844622,79615
2019-03-13,11,2019,March,Wednesday,6965542,288.96,287.903845,70253
2019-03-14,11,2019,March,Thursday,7249422,289.96,291.463898,76871
2019-03-15,11,2019,March,Friday,15977180,275.43,277.360807,159845
2019-03-18,12,2019,March,Monday,10535422,269.49,270.924041,116071
2019-03-19,12,2019,March,Tuesday,11943950,267.47,268.363215,114160
2019-03-20,12,2019,March,Wednesday,7042549,273.6,270.342176,71034
2019-03-21,12,2019,March,Thursday,6063937,274.02,272.619806,63314
2019-03-22,12,2019,March,Friday,8923632,264.53,267.216336,94180
2019-03-25,13,2019,March,Monday,10461696,260.42,259.313289,105068
2019-03-26,13,2019,March,Tuesday,7464372,267.77,267.506655,75670
2019-03-27,13,2019,March,Wednesday,8903486,274.83,272.008892,85401
2019-03-28,13,2019,March,Thursday,6894702,278.62,277.82835,68236
2019-03-29,13,2019,March,Friday,6125524,279.86,278.164425,63587
2019-04-01,14,2019,April,Monday,8282761,289.18,286.111405,85533
2019-04-02,14,2019,April,Tuesday,5599753,285.88,286.304169,59792
2019-04-03,14,2019,April,Wednesday,8078513,291.81,292.816694,85614
2019-04-04,14,2019,April,Thursday,23992624,267.78,266.743368,299200
2019-04-05,14,2019,April,Friday,13220024,274.96,272.570769,132492
2019-04-08,15,2019,April,Monday,10571146,273.2,275.088081,100258
2019-04-09,15,2019,April,Tuesday,6007577,272.3,272.749095,56970
2019-04-10,15,2019,April,Wednesday,7164270,276.06,276.112122,67469
2019-04-11,15,2019,April,Thursday,9993862,268.42,267.844391,110280
2019-04-12,15,2019,April,Friday,6830005,267.7,269.05897,67056
2019-04-15,16,2019,April,Monday,10176444,266.38,262.94152,109073
2019-04-16,16,2019,April,Tuesday,7435178,273.36,271.715625,80305
2019-04-17,16,2019,April,Wednesday,5213519,271.23,271.799266,55081
2019-04-18,16,2019,April,Thursday,6026389,273.26,273.11657,54882
2019-04-22,17,2019,April,Monday,12308139,262.75,264.407292,129728
2019-04-23,17,2019,April,Tuesday,11181539,263.9,262.141841,109238
2019-04-24,17,2019,April,Wednesday,10936901,258.66,260.906819,127500
2019-04-25,17,2019,April,Thursday,22153669,247.63,250.842187,252489
2019-04-26,17,2019,April,Friday,22487633,235.14,237.664489,256983
2019-04-29,18,2019,April,Monday,16949820,241.47,239.506539,165120
2019-04-30,18,2019,April,Tuesday,9615492,238.69,240.062215,88564
2019-05-01,18,2019,May,Wednesday,10829817,234.01,234.558182,108383
2019-05-02,18,2019,May,Thursday,18437698,244.1,242.794718,173520
2019-05-03,18,2019,May,Friday,23670981,255.03,252.241629,204897
2019-05-06,19,2019,May,Monday,11192173,255.34,253.994714,93068
2019-05-07,19,2019,May,Tuesday,10451645,247.06,249.846693,103693
2019-05-08,19,2019,May,Wednesday,6332059,244.84,246.834994,65863
2019-05-09,19,2019,May,Thursday,6870779,241.98,240.463942,76082
2019-05-10,19,2019,May,Friday,7128160,239.52,238.644446,77821
2019-05-13,20,2019,May,Monday,11130048,227.01,227.632926,138343
2019-05-14,20,2019,May,Tuesday,7403360,232.31,231.635133,83668
2019-05-15,20,2019,May,Wednesday,7463066,231.95,229.821816,79214
2019-05-16,20,2019,May,Thursday,7724019,228.33,228.614076,81278
2019-05-17,20,2019,May,Friday,18063133,211.03,216.251758,194424
2019-05-20,21,2019,May,Monday,20915281,205.36,201.594431,208157
2019-05-21,21,2019,May,Tuesday,18475736,205.08,202.647215,168915
2019-05-22,21,2019,May,Wednesday,18946290,192.73,196.493773,188159
2019-05-23,21,2019,May,Thursday,26928643,195.49,194.08173,237582
2019-05-24,21,2019,May,Friday,14351522,190.63,192.498656,138574
2019-05-28,22,2019,May,Tuesday,10535671,188.7,190.353636,104206
2019-05-29,22,2019,May,Wednesday,12230014,189.86,188.872925,111316
2019-05-30,22,2019,May,Thursday,8167353,188.22,188.760918,77290
2019-05-31,22,2019,May,Friday,10657026,185.16,186.321225,97806
2019-06-03,23,2019,June,Monday,13300589,178.97,180.72534,129296
2019-06-04,23,2019,June,Tuesday,14072083,193.6,188.384943,131335
2019-06-05,23,2019,June,Wednesday,14093202,196.59,195.955181,123501
2019-06-06,23,2019,June,Thursday,20690901,205.95,206.088006,177546
2019-06-07,23,2019,June,Friday,16279686,204.5,207.104206,157202
2019-06-10,24,2019,June,Monday,10783785,212.88,213.431698,101189
2019-06-11,24,2019,June,Tuesday,11893689,217.1,217.253653,105398
2019-06-12,24,2019,June,Wednesday,15379260,209.26,214.360021,142266
2019-06-13,24,2019,June,Thursday,8291549,213.91,212.337508,74419
2019-06-14,24,2019,June,Friday,7545250,214.92,213.70154,72226
2019-06-17,25,2019,June,Monday,12486864,225.03,223.197841,114462
2019-06-18,25,2019,June,Tuesday,12920361,224.74,228.913365,132943
2019-06-19,25,2019,June,Wednesday,6724004,226.43,225.479076,66893
2019-06-20,25,2019,June,Thursday,12096636,219.62,221.02449,117873
2019-06-21,25,2019,June,Friday,8657436,221.86,219.665554,74826
2019-06-24,26,2019,June,Monday,5960079,223.64,223.482836,59146
2019-06-25,26,2019,June,Tuesday,6293355,219.76,221.305864,56480
2019-06-26,26,2019,June,Wednesday,8633567,219.27,222.165965,85128
2019-06-27,26,2019,June,Thursday,6550364,222.84,220.419732,61255
2019-06-28,26,2019,June,Friday,7121534,223.35,223.433234,65447
2019-07-01,27,2019,July,Monday,8396774,227.17,229.139632,81315
2019-07-02,27,2019,July,Tuesday,9379573,224.55,228.152065,98568
2019-07-03,27,2019,July,Wednesday,14456628,234.9,237.626977,138212
2019-07-05,27,2019,July,Friday,7212143,233.1,233.481015,67852
2019-07-08,28,2019,July,Monday,6055072,230.34,230.584502,55633
2019-07-09,28,2019,July,Tuesday,6292913,230.06,229.29695,57307
2019-07-10,28,2019,July,Wednesday,9294761,238.92,236.139446,91109
2019-07-11,28,2019,July,Thursday,7623116,238.6,238.680031,72795
2019-07-12,28,2019,July,Friday,9360318,245.08,243.128798,84330
2019-07-15,29,2019,July,Monday,11182524,253.5,248.939478,106559
2019-07-16,29,2019,July,Tuesday,8334280,252.38,251.013013,78944
2019-07-17,29,2019,July,Wednesday,9908995,254.86,256.343077,82875
2019-07-18,29,2019,July,Thursday,4873097,253.54,253.850369,54455
2019-07-19,29,2019,July,Friday,7236693,258.18,257.522153,72732
2019-07-22,30,2019,July,Monday,6984612,255.68,257.852219,77484
2019-07-23,30,2019,July,Tuesday,5126372,260.17,258.045369,54226
2019-07-24,30,2019,July,Wednesday,11228201,264.88,255.853168,129398
2019-07-25,30,2019,July,Thursday,22772660,228.82,229.145495,244154
2019-07-26,30,2019,July,Friday,10193117,228.04,225.649977,119674
2019-07-29,31,2019,July,Monday,9445616,235.77,231.179254,95773
2019-07-30,31,2019,July,Tuesday,8247182,242.26,239.422484,84662
2019-07-31,31,2019,July,Wednesday,9362001,241.61,243.291813,103305
2019-08-01,31,2019,August,Thursday,8425337,233.85,238.191164,92928
2019-08-02,31,2019,August,Friday,6252498,234.34,232.625606,68055
2019-08-05,32,2019,August,Monday,7209941,228.32,228.101961,79019
2019-08-06,32,2019,August,Tuesday,5731921,230.75,229.194683,62193
2019-08-07,32,2019,August,Wednesday,4873832,233.42,229.949171,54450
2019-08-08,32,2019,August,Thursday,5424240,238.3,236.509961,52903
2019-08-09,32,2019,August,Friday,3982579,235.01,235.8625,44304
2019-08-12,33,2019,August,Monday,4753141,229.01,231.354189,50933
2019-08-13,33,2019,August,Tuesday,4986626,235.0,233.408142,54781
2019-08-14,33,2019,August,Wednesday,9717562,219.62,223.906935,107796
2019-08-15,33,2019,August,Thursday,8369700,215.64,214.86187,86779
2019-08-16,33,2019,August,Friday,5379287,219.94,219.866789,55887
2019-08-19,34,2019,August,Monday,5439648,226.83,225.163543,53714
2019-08-20,34,2019,August,Tuesday,4286741,225.86,226.58894,42499
2019-08-21,34,2019,August,Wednesday,7959635,220.83,220.665672,77841
2019-08-22,34,2019,August,Thursday,6688834,222.15,222.799627,62790
2019-08-23,34,2019,August,Friday,8735921,211.4,215.359949,92132
2019-08-26,35,2019,August,Monday,5172615,215.0,213.447913,48651
2019-08-27,35,2019,August,Tuesday,5567838,214.08,215.688628,52921
2019-08-28,35,2019,August,Wednesday,3318169,215.59,215.416109,37158
2019-08-29,35,2019,August,Thursday,5309921,221.71,221.064301,53735
2019-08-30,35,2019,August,Friday,9563922,225.61,227.944282,91514
2019-09-03,36,2019,September,Tuesday,5475592,225.01,225.812519,54022
2019-09-04,36,2019,September,Wednesday,5897011,220.68,223.957383,58579
2019-09-05,36,2019,September,Thursday,7544558,229.58,225.75581,70089
2019-09-06,36,2019,September,Friday,4432979,227.45,227.679181,48149
2019-09-09,37,2019,September,Monday,4947490,231.79,231.299746,54873
2019-09-10,37,2019,September,Tuesday,4967332,235.54,233.176275,54670
2019-09-11,37,2019,September,Wednesday,10240305,247.1,243.899751,128021
2019-09-12,37,2019,September,Thursday,8719515,245.87,247.902816,97855
2019-09-13,37,2019,September,Friday,5507842,245.2,246.072678,63147
2019-09-16,38,2019,September,Monday,4821747,242.81,244.029201,76985
2019-09-17,38,2019,September,Tuesday,4047678,244.79,243.344116,61945
2019-09-18,38,2019,September,Wednesday,4331915,243.49,244.60321,74345
2019-09-19,38,2019,September,Thursday,5098723,246.6,246.583956,73919
2019-09-20,38,2019,September,Friday,6872341,240.62,242.029251,104790
2019-09-23,39,2019,September,Monday,4519857,241.23,242.569969,67931
2019-09-24,39,2019,September,Tuesday,13099392,223.21,228.115984,208689
2019-09-25,39,2019,September,Wednesday,9655343,228.7,224.636052,135473
2019-09-26,39,2019,September,Thursday,12246601,242.56,236.099542,173522
2019-09-27,39,2019,September,Friday,11272208,242.13,243.349331,167817
2019-09-30,40,2019,September,Monday,6129943,240.87,240.404282,86526
2019-10-01,40,2019,October,Tuesday,6326580,244.56,242.687551,101685
2019-10-02,40,2019,October,Wednesday,6528097,243.13,241.437357,94933
2019-10-03,40,2019,October,Thursday,15330888,233.03,229.30854,230598
2019-10-04,40,2019,October,Friday,8145337,231.43,230.842145,106915
2019-10-07,41,2019,October,Monday,8243545,237.72,235.012445,97333
2019-10-08,41,2019,October,Tuesday,8820325,240.05,240.038001,117033
2019-10-09,41,2019,October,Wednesday,7118726,244.53,244.836611,93690
2019-10-10,41,2019,October,Thursday,6413056,244.74,245.523435,80862
2019-10-11,41,2019,October,Friday,8664359,247.89,248.935534,100384
2019-10-14,42,2019,October,Monday,10353985,256.96,255.03069,130267
2019-10-15,42,2019,October,Tuesday,6620220,257.89,257.889608,86514
2019-10-16,42,2019,October,Wednesday,6844927,259.75,259.871875,87622
2019-10-17,42,2019,October,Thursday,4906526,261.97,261.927693,66216
2019-10-18,42,2019,October,Friday,5865514,256.95,258.011428,71775
2019-10-21,43,2019,October,Monday,5426327,253.5,254.261015,56141
2019-10-22,43,2019,October,Tuesday,4711059,255.58,255.347855,56276
2019-10-23,43,2019,October,Wednesday,11305870,254.68,275.920841,139222
2019-10-24,43,2019,October,Thursday,30428851,299.68,297.598962,345503
2019-10-25,43,2019,October,Friday,30277083,328.13,317.699333,350439
2019-10-28,44,2019,October,Monday,19166395,327.71,330.779499,222828
2019-10-29,44,2019,October,Tuesday,12927052,316.22,318.654854,143583
2019-10-30,44,2019,October,Wednesday,9936859,315.01,313.68077,101664
2019-10-31,44,2019,October,Thursday,5212383,314.92,315.524282,61747
2019-11-01,44,2019,November,Friday,6607120,313.31,312.676088,69495
2019-11-04,45,2019,November,Monday,8942000,317.47,317.27766,93114
2019-11-05,45,2019,November,Tuesday,7306498,317.22,319.014658,72793
2019-11-06,45,2019,November,Wednesday,8067285,326.58,321.424845,93477
2019-11-07,45,2019,November,Thursday,14635323,335.54,336.650669,166690
2019-11-08,45,2019,November,Friday,6195346,337.14,335.541197,74117
2019-11-11,46,2019,November,Monday,10156888,345.09,345.827017,120215
2019-11-12,46,2019,November,Tuesday,7466076,349.93,347.397086,92751
2019-11-13,46,2019,November,Wednesday,8680643,346.11,351.660807,110456
2019-11-14,46,2019,November,Thursday,6741000,349.35,348.806965,79094
2019-11-15,46,2019,November,Friday,4940256,352.17,350.828142,60957
2019-11-18,47,2019,November,Monday,4550696,349.99,349.368385,62509
2019-11-19,47,2019,November,Tuesday,7920565,359.52,356.302451,98413
2019-11-20,47,2019,November,Wednesday,7096471,352.22,354.57948,91490
2019-11-21,47,2019,November,Thursday,6483506,354.83,357.176638,78674
2019-11-22,47,2019,November,Friday,17149322,333.04,334.117352,237074
2019-11-25,48,2019,November,Monday,12701937,336.34,338.907662,169186
2019-11-26,48,2019,November,Tuesday,8319187,328.92,330.889619,115572
2019-11-27,48,2019,November,Wednesday,5690925,331.29,331.104668,81027
2019-11-29,48,2019,November,Friday,2565414,329.94,329.513208,36298
2019-12-02,49,2019,December,Monday,6205081,334.87,334.292781,90000
2019-12-03,49,2019,December,Tuesday,6726646,336.2,335.453899,91957
2019-12-04,49,2019,December,Wednesday,5658089,333.03,334.910036,66845
2019-12-05,49,2019,December,Thursday,3849115,330.37,330.445599,56158
2019-12-06,49,2019,December,Friday,7887414,335.89,336.643141,97817
2019-12-09,50,2019,December,Monday,9342811,339.53,340.344023,116595
2019-12-10,50,2019,December,Tuesday,8964231,348.84,347.265096,112821
2019-12-11,50,2019,December,Wednesday,7079926,352.7,354.541767,93777
2019-12-12,50,2019,December,Thursday,7937001,359.68,359.085666,113613
2019-12-13,50,2019,December,Friday,6731929,358.39,359.898755,89496
2019-12-16,51,2019,December,Monday,18692274,381.5,377.157762,231172
2019-12-17,51,2019,December,Tuesday,8790221,378.99,379.890315,108575
2019-12-18,51,2019,December,Wednesday,14511565,393.15,389.308419,185585
2019-12-19,51,2019,December,Thursday,18467171,404.04,402.440934,233625
2019-12-20,51,2019,December,Friday,15607702,405.59,405.83831,178137
2019-12-23,52,2019,December,Monday,13558724,419.22,418.598171,183455
2019-12-24,52,2019,December,Tuesday,8385215,425.25,420.115065,104054
2019-12-26,52,2019,December,Thursday,10839808,430.94,430.164391,140954
2019-12-27,52,2019,December,Friday,10155568,430.38,430.626578,127923
2019-12-30,1,2019,December,Monday,12786217,414.7,416.305937,172131
2019-12-31,1,2019,December,Tuesday,10543904,418.33,416.62215,130149
2020-01-02,1,2020,January,Thursday,9763456,430.26,427.099438,136851
2020-01-03,1,2020,January,Friday,18034327,443.01,445.677387,236310
2020-01-06,2,2020,January,Monday,10362505,451.5,445.902789,134223
2020-01-07,2,2020,January,Tuesday,18488930,469.06,463.83826,250189
2020-01-08,2,2020,January,Wednesday,31486817,492.14,485.679042,413644
2020-01-09,2,2020,January,Thursday,28959816,481.34,485.788959,384282
2020-01-10,2,2020,January,Friday,13217075,478.15,478.957386,181667
2020-01-13,3,2020,January,Monday,26916914,524.86,510.91463,369915
2020-01-14,3,2020,January,Tuesday,29600289,537.92,538.243513,406428
2020-01-15,3,2020,January,Wednesday,17643746,518.5,529.099215,261961
2020-01-16,3,2020,January,Thursday,22123951,513.49,504.239601,325060
2020-01-17,3,2020,January,Friday,13813309,510.5,509.734333,190821
2020-01-21,4,2020,January,Tuesday,18179449,547.2,541.386117,272579
2020-01-22,4,2020,January,Wednesday,31690107,569.56,576.880191,506196
2020-01-23,4,2020,January,Thursday,19976322,572.2,569.785464,307306
2020-01-24,4,2020,January,Friday,14616973,564.82,563.612655,218533
2020-01-27,5,2020,January,Monday,13965124,558.02,552.041151,217772
2020-01-28,5,2020,January,Tuesday,12037137,566.9,565.984928,176360
2020-01-29,5,2020,January,Wednesday,18402036,580.99,590.814197,308991
2020-01-30,5,2020,January,Thursday,29325130,640.81,641.482701,445501
2020-01-31,5,2020,January,Friday,15948140,650.57,641.896228,257721
2020-02-03,6,2020,February,Monday,47716948,780.0,737.384039,837244
2020-02-04,6,2020,February,Tuesday,61608599,887.06,904.531542,1287715
2020-02-05,6,2020,February,Wednesday,49031721,734.7,764.341955,1033184
2020-02-06,6,2020,February,Thursday,40198694,748.96,748.232375,804002
2020-02-07,6,2020,February,Friday,17349194,748.07,746.672262,329104
2020-02-10,7,2020,February,Monday,25004236,771.28,779.377603,503953
2020-02-11,7,2020,February,Tuesday,11852880,774.38,773.019726,235502
2020-02-12,7,2020,February,Wednesday,12219564,767.29,774.991524,233449
2020-02-13,7,2020,February,Thursday,26530668,804.0,788.351319,498952
2020-02-14,7,2020,February,Friday,16083324,800.03,801.179444,282224
2020-02-18,8,2020,February,Tuesday,16969256,858.4,849.63018,335966
2020-02-19,8,2020,February,Wednesday,25774105,917.42,921.749294,511346
2020-02-20,8,2020,February,Thursday,17868247,899.41,891.149618,357924
2020-02-21,8,2020,February,Friday,14593174,901.0,895.188523,264896
2020-02-24,9,2020,February,Monday,15468801,833.79,842.546235,340315
2020-02-25,9,2020,February,Tuesday,17531474,799.91,810.970799,376592
2020-02-26,9,2020,February,Wednesday,14478231,778.8,790.338679,299007
2020-02-27,9,2020,February,Thursday,24637922,679.0,703.335748,499893
2020-02-28,9,2020,February,Friday,24868828,667.99,646.325147,477800
2020-03-02,10,2020,March,Monday,20517227,743.62,716.502678,400095
2020-03-03,10,2020,March,Tuesday,26141884,745.51,765.214529,523093
2020-03-04,10,2020,March,Wednesday,15254105,749.5,745.521111,291779
2020-03-05,10,2020,March,Thursday,11036202,724.54,730.217939,212442
2020-03-06,10,2020,March,Friday,12848083,703.48,695.216877,258464
2020-03-09,11,2020,March,Monday,17483292,608.0,626.931288,341257
2020-03-10,11,2020,March,Tuesday,15892986,645.33,638.758239,302026
2020-03-11,11,2020,March,Wednesday,13601097,634.23,634.367176,246539
2020-03-12,11,2020,March,Thursday,19392243,560.55,564.651114,371894
2020-03-13,11,2020,March,Friday,22899828,546.62,540.996197,424899
2020-03-16,12,2020,March,Monday,20941052,445.07,465.008522,381026
2020-03-17,12,2020,March,Tuesday,24340580,430.2,429.565574,431552
2020-03-18,12,2020,March,Wednesday,24132215,361.22,375.14514,434985
2020-03-19,12,2020,March,Thursday,30528292,427.64,413.585262,543182
2020-03-20,12,2020,March,Friday,28764626,427.53,444.675671,483649
2020-03-23,13,2020,March,Monday,16725458,434.29,427.675879,284107
2020-03-24,13,2020,March,Tuesday,23233117,505.0,497.131441,439501
2020-03-25,13,2020,March,Wednesday,21560719,539.25,539.343941,430950
2020-03-26,13,2020,March,Thursday,17659067,528.16,533.162727,357344
2020-03-27,13,2020,March,Friday,14563578,514.36,508.031967,274634
2020-03-30,14,2020,March,Monday,12213046,502.13,504.704626,224809
2020-03-31,14,2020,March,Tuesday,18658606,524.0,525.575205,293521
2020-04-01,14,2020,April,Wednesday,13572675,481.56,494.509463,270900
2020-04-02,14,2020,April,Thursday,20041281,454.47,476.974985,378132
2020-04-03,14,2020,April,Friday,22872494,480.01,488.879832,389715
2020-04-06,15,2020,April,Monday,15256857,516.24,510.117663,275889
2020-04-07,15,2020,April,Tuesday,18201537,545.45,548.866595,344487
2020-04-08,15,2020,April,Wednesday,12799689,548.84,546.510701,231567
2020-04-09,15,2020,April,Thursday,13859226,573.0,568.186762,261486
2020-04-13,16,2020,April,Monday,22687776,650.95,620.89474,441171
2020-04-14,16,2020,April,Tuesday,30899920,709.89,722.253666,655147
2020-04-15,16,2020,April,Wednesday,23841701,729.83,733.011708,477428
2020-04-16,16,2020,April,Thursday,20822778,745.21,737.431905,406969
2020-04-17,16,2020,April,Friday,13393640,753.89,759.24863,274447
2020-04-20,17,2020,April,Monday,14909860,746.36,748.006667,288932
2020-04-21,17,2020,April,Tuesday,20398678,686.72,708.318263,453969
2020-04-22,17,2020,April,Wednesday,14412773,732.11,710.125409,284000
2020-04-23,17,2020,April,Thursday,13369477,705.63,720.517259,253706
2020-04-24,17,2020,April,Friday,13334457,725.15,714.893074,234467
2020-04-27,18,2020,April,Monday,20845184,798.75,783.846196,433978
2020-04-28,18,2020,April,Tuesday,15397875,769.12,776.956067,313312
2020-04-29,18,2020,April,Wednesday,16419653,800.51,806.39933,369254
2020-04-30,18,2020,April,Thursday,28943112,781.88,814.022619,615143
2020-05-01,18,2020,May,Friday,32630586,701.32,719.47931,726153
2020-05-04,19,2020,May,Monday,19431077,761.19,737.434875,398100
2020-05-05,19,2020,May,Tuesday,17213482,768.21,778.590273,334421
2020-05-06,19,2020,May,Wednesday,11241752,782.58,777.520177,224303
2020-05-07,19,2020,May,Thursday,11656919,780.04,782.933882,225777
2020-05-08,19,2020,May,Friday,16252067,819.42,813.655691,335453
2020-05-11,20,2020,May,Monday,16830103,811.29,808.002131,310652
2020-05-12,20,2020,May,Tuesday,16059088,809.41,828.738864,309851
2020-05-13,20,2020,May,Wednesday,19203178,790.96,793.85374,382714
2020-05-14,20,2020,May,Thursday,13825229,803.33,784.648159,293003
2020-05-15,20,2020,May,Friday,10604704,799.17,797.78713,196201
2020-05-18,21,2020,May,Monday,11973333,813.63,816.908672,240673
2020-05-19,21,2020,May,Tuesday,9707521,808.0,814.452222,189328
2020-05-20,21,2020,May,Wednesday,7411524,815.56,817.484976,155018
2020-05-21,21,2020,May,Thursday,12390012,827.6,815.045733,240571
2020-05-22,21,2020,May,Friday,10082722,816.88,822.118444,191342
2020-05-26,22,2020,May,Tuesday,8282701,818.87,822.484968,171504
2020-05-27,22,2020,May,Wednesday,11652634,820.23,808.089211,263662
2020-05-28,22,2020,May,Thursday,7385782,805.81,814.713296,156556
2020-05-29,22,2020,May,Friday,12428372,835.0,821.108967,220087
2020-06-01,23,2020,June,Monday,15248814,898.1,879.643603,350786
2020-06-02,23,2020,June,Tuesday,13716652,881.56,889.536096,287107
2020-06-03,23,2020,June,Wednesday,8085130,882.96,888.075076,171317
2020-06-04,23,2020,June,Thursday,8992002,864.38,879.025225,199339
2020-06-05,23,2020,June,Friday,7947684,885.66,877.703768,169144
2020-06-08,24,2020,June,Monday,14403284,949.92,929.875983,311690
2020-06-09,24,2020,June,Tuesday,11526075,940.67,942.116824,245349
2020-06-10,24,2020,June,Wednesday,18767876,1025.05,1005.933755,442842
2020-06-11,24,2020,June,Thursday,16189783,972.84,991.138004,392145
2020-06-12,24,2020,June,Friday,16933974,935.28,946.399428,418476
2020-06-15,25,2020,June,Monday,15956201,990.9,960.638397,345608
2020-06-16,25,2020,June,Tuesday,14195839,982.13,987.763319,301760
2020-06-17,25,2020,June,Wednesday,10000411,991.79,993.695942,195011
2020-06-18,25,2020,June,Thursday,9883023,1003.96,1004.308598,206861
2020-06-19,25,2020,June,Friday,9056452,1000.9,1002.296637,186535
2020-06-22,26,2020,June,Monday,6495891,994.32,998.249002,140257
2020-06-23,26,2020,June,Tuesday,6512381,1001.78,1003.084312,137746
2020-06-24,26,2020,June,Wednesday,11066511,960.85,970.2835,277346
2020-06-25,26,2020,June,Thursday,9440670,985.98,964.747693,209004
2020-06-26,26,2020,June,Friday,9325377,959.74,969.60698,183390
2020-06-29,27,2020,June,Monday,9128458,1009.35,985.627131,227701
2020-06-30,27,2020,June,Tuesday,17330908,1079.81,1062.478065,373181
2020-07-01,27,2020,July,Wednesday,13483197,1119.63,1117.217245,331232
2020-07-02,27,2020,July,Thursday,17493562,1208.66,1207.480814,443897
2020-07-06,28,2020,July,Monday,20831859,1371.58,1323.883544,595341
2020-07-07,28,2020,July,Tuesday,21674275,1389.86,1390.356862,695479
2020-07-08,28,2020,July,Wednesday,16480438,1365.88,1375.654029,483790
2020-07-09,28,2020,July,Thursday,11870636,1394.28,1382.649018,350516
2020-07-10,28,2020,July,Friday,23431316,1544.65,1469.861811,649007
2020-07-13,29,2020,July,Monday,39295632,1497.06,1662.404678,1412139
2020-07-14,29,2020,July,Tuesday,23663345,1516.8,1519.729601,796622
2020-07-15,29,2020,July,Wednesday,16522449,1546.01,1506.194663,542593
2020-07-16,29,2020,July,Thursday,14464531,1500.64,1498.012912,432802
2020-07-17,29,2020,July,Friday,9429932,1500.84,1507.740597,279212
2020-07-20,30,2020,July,Monday,17295610,1643.0,1579.363745,583951
2020-07-21,30,2020,July,Tuesday,16373071,1568.36,1612.365384,567215
2020-07-22,30,2020,July,Wednesday,14302174,1592.33,1606.213915,559795
2020-07-23,30,2020,July,Thursday,24527042,1513.07,1568.038547,872882
2020-07-24,30,2020,July,Friday,19538569,1417.0,1422.882775,656702
2020-07-27,31,2020,July,Monday,16391818,1539.6,1479.675506,497220
2020-07-28,31,2020,July,Tuesday,15936565,1476.49,1515.420843,464089
2020-07-29,31,2020,July,Wednesday,9525459,1499.11,1510.256133,287328
2020-07-30,31,2020,July,Thursday,7689546,1487.49,1492.483627,241685
2020-07-31,31,2020,July,Friday,12391772,1430.76,1455.681766,403053
2020-08-03,32,2020,August,Monday,8941592,1485.0,1484.740746,298394
2020-08-04,32,2020,August,Tuesday,8502056,1487.0,1488.364966,259291
2020-08-05,32,2020,August,Wednesday,5054464,1485.02,1485.014821,178471
2020-08-06,32,2020,August,Thursday,6094409,1489.58,1493.928194,203244
2020-08-07,32,2020,August,Friday,8997660,1452.71,1452.675469,336745
2020-08-10,33,2020,August,Monday,7666069,1418.57,1419.78472,301167
2020-08-11,33,2020,August,Tuesday,8741122,1374.39,1403.695469,359162
2020-08-12,33,2020,August,Wednesday,22174037,1554.76,1517.021827,805729
2020-08-13,33,2020,August,Thursday,20595773,1621.0,1620.075518,710149
2020-08-14,33,2020,August,Friday,12712319,1650.71,1648.012743,438273
2020-08-17,34,2020,August,Monday,20489820,1835.64,1776.995834,759257
2020-08-18,34,2020,August,Tuesday,16676444,1887.09,1891.543409,657452
2020-08-19,34,2020,August,Wednesday,12355864,1878.53,1885.579858,485987
2020-08-20,34,2020,August,Thursday,20733252,2001.83,1970.72002,776244
2020-08-21,34,2020,August,Friday,21650393,2049.98,2064.583159,802273
2020-08-24,35,2020,August,Monday,20241846,2014.2,2025.903528,853715
2020-08-25,35,2020,August,Tuesday,10854445,2023.34,1998.876798,431472
2020-08-26,35,2020,August,Wednesday,14397837,2153.17,2121.708052,579504
2020-08-27,35,2020,August,Thursday,23829801,2238.75,2224.744562,919220
2020-08-28,35,2020,August,Friday,20238341,2213.4,2250.502911,866486
2020-08-31,36,2020,August,Monday,120281737,498.32,478.401339,2811228
2020-09-01,36,2020,September,Tuesday,91700432,475.05,486.750104,2184960
2020-09-02,36,2020,September,Wednesday,97734366,447.37,443.422642,2204980
2020-09-03,36,2020,September,Thursday,88909440,407.0,412.316838,1836031
2020-09-04,36,2020,September,Friday,110079661,418.32,402.554246,2110788
2020-09-08,37,2020,September,Tuesday,117108871,330.21,347.989455,2271277
2020-09-09,37,2020,September,Wednesday,81069178,366.28,355.662846,1435186
2020-09-10,37,2020,September,Thursday,85844784,371.34,381.96206,1411328
2020-09-11,37,2020,September,Friday,61097968,372.72,370.322317,900609
2020-09-14,38,2020,September,Monday,83839293,419.62,401.224733,1327706
2020-09-15,38,2020,September,Tuesday,98257705,449.76,445.425831,1624948
2020-09-16,38,2020,September,Wednesday,73518108,441.76,446.660183,1111986
2020-09-17,38,2020,September,Thursday,77573974,423.43,425.221955,1187828
2020-09-18,38,2020,September,Friday,89532487,442.15,441.958169,1236144
2020-09-21,39,2020,September,Monday,110557221,449.39,439.774444,1798887
2020-09-22,39,2020,September,Tuesday,80305487,424.23,426.150056,1406583
2020-09-23,39,2020,September,Wednesday,96505943,380.36,391.644096,1813290
2020-09-24,39,2020,September,Thursday,97369802,387.79,383.266964,1444242
2020-09-25,39,2020,September,Friday,67981443,407.34,402.624069,1010515
2020-09-28,40,2020,September,Monday,50491312,421.2,420.634644,861907
2020-09-29,40,2020,September,Tuesday,51087357,419.07,420.719621,832460
2020-09-30,40,2020,September,Wednesday,49332194,429.01,428.841614,805611
2020-10-01,40,2020,October,Thursday,51703510,448.16,442.334044,871461
2020-10-02,40,2020,October,Friday,72170193,415.09,426.00836,1300580
2020-10-05,41,2020,October,Monday,45499582,425.68,425.437224,760367
2020-10-06,41,2020,October,Tuesday,49866227,413.98,417.965757,868262
2020-10-07,41,2020,October,Wednesday,43635328,425.3,423.242174,697611
2020-10-08,41,2020,October,Thursday,40926161,425.92,432.315765,653970
2020-10-09,41,2020,October,Friday,29550775,433.95,431.912135,477583
2020-10-12,42,2020,October,Monday,39601989,442.3,443.19399,682642
2020-10-13,42,2020,October,Tuesday,35068484,446.65,444.544064,602363
2020-10-14,42,2020,October,Wednesday,48629282,461.3,459.501003,839947
2020-10-15,42,2020,October,Thursday,36217876,448.88,448.768244,644706
2020-10-16,42,2020,October,Friday,33243107,439.67,447.773451,570923
2020-10-19,43,2020,October,Monday,36870233,430.83,437.927729,635262
2020-10-20,43,2020,October,Tuesday,32243856,421.94,424.047138,649252
2020-10-21,43,2020,October,Wednesday,33246161,422.64,428.135617,635631
2020-10-22,43,2020,October,Thursday,40689938,425.79,432.024973,696433
2020-10-23,43,2020,October,Friday,34163055,420.63,414.919519,714498
2020-10-26,44,2020,October,Monday,28889500,420.28,417.314681,531458
2020-10-27,44,2020,October,Tuesday,23217130,424.68,424.833874,405456
2020-10-28,44,2020,October,Wednesday,26016314,406.02,410.910901,600779
2020-10-29,44,2020,October,Thursday,23237915,410.83,412.204759,458829
2020-10-30,44,2020,October,Friday,43421829,388.04,389.621257,993927
2020-11-02,45,2020,November,Monday,29895974,400.51,398.601295,512516
2020-11-03,45,2020,November,Tuesday,34962887,423.9,420.625673,607997
2020-11-04,45,2020,November,Wednesday,32859767,420.84,423.735683,574861
2020-11-05,45,2020,November,Thursday,29009991,438.09,433.361093,526076
2020-11-06,45,2020,November,Friday,22206906,429.95,429.664633,389222
2020-11-09,46,2020,November,Monday,35716155,421.26,437.602009,673357
2020-11-10,46,2020,November,Tuesday,30775582,410.36,408.270044,670832
2020-11-11,46,2020,November,Wednesday,17885275,417.13,415.540197,335037
2020-11-12,46,2020,November,Thursday,20338465,411.76,415.366993,395243
2020-11-13,46,2020,November,Friday,20140374,408.5,406.197292,499088
2020-11-16,47,2020,November,Monday,27360737,408.09,421.736718,582442
2020-11-17,47,2020,November,Tuesday,62393558,441.61,447.45754,1216430
2020-11-18,47,2020,November,Wednesday,78898617,486.64,475.368863,1470207
2020-11-19,47,2020,November,Thursday,63812701,499.27,499.73328,1129599
2020-11-20,47,2020,November,Friday,33796691,489.61,494.295217,642836
2020-11-23,48,2020,November,Monday,51106315,521.49,518.997817,906054
2020-11-24,48,2020,November,Tuesday,54748191,555.38,546.663036,1051195
2020-11-25,48,2020,November,Wednesday,50058184,574.0,562.048369,924438
2020-11-27,48,2020,November,Friday,38250684,585.76,590.237156,783387
2020-11-30,49,2020,November,Monday,64413229,567.6,581.560454,1282812
2020-12-01,49,2020,December,Tuesday,41143950,584.76,583.860017,793964
2020-12-02,49,2020,December,Wednesday,48735846,568.82,562.077048,1016400
2020-12-03,49,2020,December,Thursday,43325929,593.38,591.688164,843518
2020-12-04,49,2020,December,Friday,29781022,599.04,593.634768,590451
2020-12-07,50,2020,December,Monday,57377241,641.76,630.848279,1092396
2020-12-08,50,2020,December,Tuesday,65326352,649.88,636.330534,1202217
2020-12-09,50,2020,December,Wednesday,72159651,604.48,620.622286,1678948
2020-12-10,50,2020,December,Thursday,68211327,627.07,607.705989,1343748
2020-12-11,50,2020,December,Friday,47456210,609.99,610.533475,879034
2020-12-14,51,2020,December,Monday,52968820,639.83,632.89465,934553
2020-12-15,51,2020,December,Tuesday,46156985,633.25,636.015648,809051
2020-12-16,51,2020,December,Wednesday,43163467,622.77,620.00621,797207
2020-12-17,51,2020,December,Thursday,57432199,655.6,642.62942,1032520
2020-12-18,51,2020,December,Friday,300234026,658.34,683.754422,2078694
2020-12-21,52,2020,December,Monday,59508622,649.86,658.821468,1226736
2020-12-22,52,2020,December,Tuesday,53341349,640.34,631.958516,1150498
2020-12-23,52,2020,December,Wednesday,33909245,645.98,642.13302,643940
2020-12-24,52,2020,December,Thursday,23403515,661.77,658.506889,465759
2020-12-28,53,2020,December,Monday,33500126,663.69,669.492069,627139
2020-12-29,53,2020,December,Tuesday,23486075,665.99,662.705358,465755
2020-12-30,53,2020,December,Wednesday,43367508,694.78,684.224847,767895
2020-12-31,53,2020,December,Thursday,50365513,705.67,707.508379,915324
2021-01-04,1,2021,January,Monday,50014305,729.77,730.98216,952188
2021-01-05,1,2021,January,Tuesday,32982710,735.11,733.980519,681717
2021-01-06,1,2021,January,Wednesday,45598607,755.98,762.163686,962709
2021-01-07,1,2021,January,Thursday,52429432,816.04,800.680449,1164689
2021-01-08,1,2021,January,Friday,75632347,880.02,866.461817,1789882
2021-01-11,2,2021,January,Monday,60870710,811.19,832.105596,1652652
2021-01-12,2,2021,January,Tuesday,47476499,849.44,853.23003,1006729
2021-01-13,2,2021,January,Wednesday,34321646,854.41,846.734201,776375
2021-01-14,2,2021,January,Thursday,31907371,845.0,851.323155,695479
2021-01-15,2,2021,January,Friday,40053803,826.16,838.148663,904744
2021-01-19,3,2021,January,Tuesday,26172859,844.55,840.758297,611584
2021-01-20,3,2021,January,Wednesday,26201286,850.45,849.658443,627383
2021-01-21,3,2021,January,Thursday,21252550,844.99,847.118519,486212
2021-01-22,3,2021,January,Friday,20623643,846.64,838.728621,550053
2021-01-25,4,2021,January,Monday,42020166,880.8,873.364906,971903
2021-01-26,4,2021,January,Tuesday,23668063,883.09,885.865791,607305
2021-01-27,4,2021,January,Wednesday,28480919,864.16,868.793329,896057
2021-01-28,4,2021,January,Thursday,27295338,835.43,831.217918,935867
2021-01-29,4,2021,January,Friday,35506644,793.53,805.135597,1301803
2021-02-01,5,2021,February,Monday,26174763,839.81,823.540323,817451
2021-02-02,5,2021,February,Tuesday,24898884,872.79,869.685515,712169
2021-02-03,5,2021,February,Wednesday,18720513,854.69,861.168537,565776
2021-02-04,5,2021,February,Thursday,16156602,849.99,844.684817,488970
2021-02-05,5,2021,February,Friday,18872458,852.23,852.497197,501682
2021-02-08,6,2021,February,Monday,20673464,863.42,865.592656,577776
2021-02-09,6,2021,February,Tuesday,15459019,849.46,849.284998,537354
2021-02-10,6,2021,February,Wednesday,36970071,804.82,814.664909,1269215
2021-02-11,6,2021,February,Thursday,22440335,811.66,813.650637,634543
2021-02-12,6,2021,February,Friday,24240401,816.12,801.202087,818983
2021-02-16,7,2021,February,Tuesday,20358598,796.22,803.673584,703338
2021-02-17,7,2021,February,Wednesday,26647568,798.15,781.378568,925854
2021-02-18,7,2021,February,Thursday,18371802,787.38,786.440255,563101
2021-02-19,7,2021,February,Friday,19630722,781.3,785.768608,615730
2021-02-22,8,2021,February,Monday,38031685,714.5,738.674288,1355574
2021-02-23,8,2021,February,Tuesday,67766447,698.84,675.485212,2040541
2021-02-24,8,2021,February,Wednesday,37478423,742.02,722.148747,1004867
2021-02-25,8,2021,February,Thursday,39732207,682.22,701.553817,1292759
2021-02-26,8,2021,February,Friday,41859240,675.5,680.631712,1137056
2021-03-01,9,2021,March,Monday,28019463,718.43,707.013672,820207
2021-03-02,9,2021,March,Tuesday,24305191,686.44,702.030104,842213
2021-03-03,9,2021,March,Wednesday,30875867,653.2,675.2485,1046912
2021-03-04,9,2021,March,Thursday,66722226,621.44,625.991604,2044220
2021-03-05,9,2021,March,Friday,90222134,597.95,583.972394,2552198
2021-03-08,10,2021,March,Monday,52562596,563.0,586.669919,1582498
2021-03-09,10,2021,March,Tuesday,68663507,673.58,645.413047,1857659
2021-03-10,10,2021,March,Wednesday,61748901,668.06,683.693252,1645355
2021-03-11,10,2021,March,Thursday,37242895,699.6,692.62812,1025556
2021-03-12,10,2021,March,Friday,34136022,693.73,683.408381,1007049
2021-03-15,11,2021,March,Monday,29918404,707.94,702.234796,874730
2021-03-16,11,2021,March,Tuesday,32564472,676.88,691.42335,930904
2021-03-17,11,2021,March,Wednesday,41494645,701.81,680.147097,1015370
2021-03-18,11,2021,March,Thursday,33885246,653.16,671.581754,1017967
2021-03-19,11,2021,March,Friday,45923788,654.87,646.118855,1055688
2021-03-22,12,2021,March,Monday,40495676,670.0,685.851631,1058264
2021-03-23,12,2021,March,Tuesday,31078447,662.16,667.823159,787150
2021-03-24,12,2021,March,Wednesday,34271971,630.27,650.037754,919142
2021-03-25,12,2021,March,Thursday,39837368,640.39,629.873445,958380
2021-03-26,12,2021,March,Friday,34487228,618.71,619.008025,1104208
2021-03-29,13,2021,March,Monday,29130786,611.29,606.991371,941332
2021-03-30,13,2021,March,Tuesday,39860073,635.62,617.944778,890517
2021-03-31,13,2021,March,Wednesday,34196731,667.93,659.670429,814054
2021-04-01,13,2021,April,Thursday,35803723,661.75,675.827585,874621
2021-04-05,14,2021,April,Monday,42814383,691.05,697.249588,1056448
2021-04-06,14,2021,April,Tuesday,28683109,691.62,690.348783,658751
2021-04-07,14,2021,April,Wednesday,26611513,670.97,680.296638,590499
2021-04-08,14,2021,April,Thursday,24715587,683.8,682.676258,565985
2021-04-09,14,2021,April,Friday,21767357,677.02,675.388214,608684
2021-04-12,15,2021,April,Monday,29307201,701.98,698.041674,766944
2021-04-13,15,2021,April,Tuesday,44838286,762.32,742.095005,1162432
2021-04-14,15,2021,April,Wednesday,49385460,732.23,755.097954,1254542
2021-04-15,15,2021,April,Thursday,28002734,738.85,732.67289,723299
2021-04-16,15,2021,April,Friday,28218172,739.78,736.530788,733237
2021-04-19,16,2021,April,Monday,39881308,714.63,708.840267,1003201
2021-04-20,16,2021,April,Tuesday,35750038,718.99,722.133483,823312
2021-04-21,16,2021,April,Wednesday,31384728,744.12,724.429926,749375
2021-04-22,16,2021,April,Thursday,35945443,719.69,734.74709,861049
2021-04-23,16,2021,April,Friday,29367706,729.4,728.897934,627334
2021-04-26,17,2021,April,Monday,31796451,738.2,736.75498,877972
2021-04-27,17,2021,April,Tuesday,29892736,704.74,711.063501,907372
2021-04-28,17,2021,April,Wednesday,22538829,694.4,698.984296,694146
2021-04-29,17,2021,April,Thursday,29218543,677.0,681.239202,899792
2021-04-30,17,2021,April,Friday,41416909,709.44,698.79164,1011794
2021-05-03,18,2021,May,Monday,27465682,684.9,690.170968,761160
2021-05-04,18,2021,May,Tuesday,30326191,673.6,667.635657,872723
2021-05-05,18,2021,May,Wednesday,22273876,670.94,674.563585,564903
2021-05-06,18,2021,May,Thursday,27943659,663.54,663.20965,714548
2021-05-07,18,2021,May,Friday,23858482,672.37,672.169368,580843
2021-05-10,19,2021,May,Monday,32108300,629.04,641.995908,939962
2021-05-11,19,2021,May,Tuesday,47301041,617.2,611.64048,1221352
2021-05-12,19,2021,May,Wednesday,33992846,589.89,601.561474,983385
2021-05-13,19,2021,May,Thursday,44392332,571.69,579.84942,1295232
2021-05-14,19,2021,May,Friday,33387906,589.74,583.406388,879142
2021-05-17,20,2021,May,Monday,32929060,576.83,574.200066,836641
2021-05-18,20,2021,May,Tuesday,37297582,577.87,581.985066,830027
2021-05-19,20,2021,May,Wednesday,40136803,563.46,556.860304,1018753
2021-05-20,20,2021,May,Thursday,31433939,586.78,580.273927,663628
2021-05-21,20,2021,May,Friday,26785299,580.88,587.46407,585746
2021-05-24,21,2021,May,Monday,35547930,606.44,599.580749,728803
2021-05-25,21,2021,May,Tuesday,28550290,604.69,603.039304,620980
2021-05-26,21,2021,May,Wednesday,29212889,619.13,616.960733,650731
2021-05-27,21,2021,May,Thursday,28282417,630.85,623.767338,592431
2021-05-28,21,2021,May,Friday,23260022,625.22,628.735999,539986
2021-06-01,22,2021,June,Tuesday,18452166,623.9,626.306041,445686
2021-06-02,22,2021,June,Wednesday,23743792,605.12,607.546086,681201
2021-06-03,22,2021,June,Thursday,30647938,572.84,588.252087,880543
2021-06-04,22,2021,June,Friday,24496050,599.05,593.676556,562999
2021-06-07,23,2021,June,Monday,23005783,605.13,593.055772,605314
2021-06-08,23,2021,June,Tuesday,26777011,603.59,606.652641,584232
2021-06-09,23,2021,June,Wednesday,16914012,598.78,603.047503,384600
2021-06-10,23,2021,June,Thursday,24293275,610.12,610.563758,507426
2021-06-11,23,2021,June,Friday,16535293,609.89,607.503543,378519
2021-06-14,24,2021,June,Monday,20959949,617.69,617.941391,460865
2021-06-15,24,2021,June,Tuesday,18168954,599.36,605.562137,438551
2021-06-16,24,2021,June,Wednesday,22851893,604.87,601.197614,476656
2021-06-17,24,2021,June,Thursday,23498871,616.6,614.848569,504011
2021-06-18,24,2021,June,Friday,26192084,623.31,620.402501,500949
2021-06-21,25,2021,June,Monday,25222987,620.83,620.909562,490854
2021-06-22,25,2021,June,Tuesday,19694588,623.71,622.989879,376499
2021-06-23,25,2021,June,Wednesday,31726538,656.57,650.423478,675885
2021-06-24,25,2021,June,Thursday,46633877,679.82,684.379464,979617
2021-06-25,25,2021,June,Friday,33490338,671.87,678.665669,604893
2021-06-28,26,2021,June,Monday,22042075,688.72,686.483151,476432
2021-06-29,26,2021,June,Tuesday,17797370,680.76,680.688538,392656
2021-06-30,26,2021,June,Wednesday,19519239,679.7,684.844162,424580
2021-07-01,26,2021,July,Thursday,18942491,677.92,679.127962,401598
2021-07-02,26,2021,July,Friday,27479899,678.9,683.67751,556873
2021-07-06,27,2021,July,Tuesday,23707724,659.58,661.719036,609046
2021-07-07,27,2021,July,Wednesday,19116741,644.65,647.771708,434572
2021-07-08,27,2021,July,Thursday,23321697,652.81,640.671703,474922
2021-07-09,27,2021,July,Friday,18895294,656.95,653.748828,364589
2021-07-12,28,2021,July,Monday,26491509,685.7,680.237343,541587
2021-07-13,28,2021,July,Tuesday,21289149,668.54,677.393179,437105
2021-07-14,28,2021,July,Wednesday,21979326,653.38,665.531321,432554
2021-07-15,28,2021,July,Thursday,20556034,650.6,652.111502,431615
2021-07-16,28,2021,July,Friday,16850121,644.22,646.852817,333345
2021-07-19,29,2021,July,Monday,21935946,646.22,636.361051,482232
2021-07-20,29,2021,July,Tuesday,15998009,660.5,650.973443,340666
2021-07-21,29,2021,July,Wednesday,14333534,655.29,657.284493,320579
2021-07-22,29,2021,July,Thursday,15418353,649.26,652.218397,322069
2021-07-23,29,2021,July,Friday,14928553,643.38,642.729067,343590
2021-07-26,30,2021,July,Monday,25851515,657.62,659.419561,548241
2021-07-27,30,2021,July,Tuesday,33429295,644.78,642.557045,739730
2021-07-28,30,2021,July,Wednesday,16308995,646.98,647.072781,364633
2021-07-29,30,2021,July,Thursday,30890211,677.35,673.12892,636940
2021-07-30,30,2021,July,Friday,30074532,687.2,686.906469,639424
2021-08-02,31,2021,August,Monday,34661220,709.67,715.748562,817721
2021-08-03,31,2021,August,Tuesday,22176617,709.74,710.444576,498439
2021-08-04,31,2021,August,Wednesday,17397896,710.92,714.260888,409212
2021-08-05,31,2021,August,Thursday,13231098,714.63,715.882775,324935
2021-08-06,31,2021,August,Friday,16033021,699.1,703.670871,409025
2021-08-09,32,2021,August,Monday,15569679,713.76,713.981517,339987
2021-08-10,32,2021,August,Tuesday,14088137,709.99,709.16136,321149
2021-08-11,32,2021,August,Wednesday,10174556,707.82,708.540322,256403
2021-08-12,32,2021,August,Thursday,18124945,722.25,714.454461,398942
2021-08-13,32,2021,August,Friday,17678903,717.17,720.133258,359933
2021-08-16,33,2021,August,Monday,23934709,686.17,687.46127,625359
2021-08-17,33,2021,August,Tuesday,24265619,665.71,661.654275,620030
2021-08-18,33,2021,August,Wednesday,20834284,688.99,687.198359,485568
2021-08-19,33,2021,August,Thursday,14631401,673.47,676.655445,344518
2021-08-20,33,2021,August,Friday,15480461,680.26,680.095621,334655
2021-08-23,34,2021,August,Monday,20917215,706.3,703.114159,461268
2021-08-24,34,2021,August,Tuesday,13331889,708.49,708.241435,309482
2021-08-25,34,2021,August,Wednesday,13140733,711.2,711.715709,292731
2021-08-26,34,2021,August,Thursday,13535663,701.16,705.476627,321320
2021-08-27,34,2021,August,Friday,14226833,711.92,710.595979,317663
2021-08-30,35,2021,August,Monday,18937972,730.91,725.203472,468649
2021-08-31,35,2021,August,Tuesday,22964324,735.72,734.760041,421801
2021-09-01,35,2021,September,Wednesday,13612193,734.09,736.507705,322500
2021-09-02,35,2021,September,Thursday,13153084,732.39,735.361716,310317
2021-09-03,35,2021,September,Friday,15533677,733.57,729.434632,355980
2021-09-07,36,2021,September,Tuesday,20416032,752.92,752.627902,499482
2021-09-08,36,2021,September,Wednesday,19160240,753.87,752.653939,449475
2021-09-09,36,2021,September,Thursday,14472239,754.86,756.738257,331982
2021-09-10,36,2021,September,Friday,15480205,736.27,749.611875,378382
2021-09-13,37,2021,September,Monday,23526061,743.0,728.878588,506104
2021-09-14,37,2021,September,Tuesday,18929417,744.49,745.676187,391531
2021-09-15,37,2021,September,Wednesday,16058396,755.83,749.144484,351298
2021-09-16,37,2021,September,Thursday,14603360,756.99,753.399579,289973
2021-09-17,37,2021,September,Friday,35938669,759.49,757.853024,382206
2021-09-20,38,2021,September,Monday,25471332,730.17,729.83998,553757
2021-09-21,38,2021,September,Tuesday,17152159,739.38,739.387473,314321
2021-09-22,38,2021,September,Wednesday,15753275,751.94,748.028961,318997
2021-09-23,38,2021,September,Thursday,12283745,753.64,753.406486,286249
2021-09-24,38,2021,September,Friday,21818322,774.39,763.342692,470014
2021-09-27,39,2021,September,Monday,28842443,791.36,786.981249,606222
2021-09-28,39,2021,September,Tuesday,26182426,777.56,780.649402,536347
2021-09-29,39,2021,September,Wednesday,21363938,781.31,782.357955,417686
2021-09-30,39,2021,September,Thursday,18710564,775.48,781.870447,363904
2021-10-01,39,2021,October,Friday,17689952,775.22,772.271389,363028
2021-10-04,40,2021,October,Monday,31386257,781.53,790.34321,640563
2021-10-05,40,2021,October,Tuesday,18860630,780.59,785.157959,401580
2021-10-06,40,2021,October,Wednesday,15009105,782.75,780.803488,333068
2021-10-07,40,2021,October,Thursday,20052029,793.61,792.162641,412495
2021-10-08,40,2021,October,Friday,17016248,785.49,787.146546,400903
2021-10-11,41,2021,October,Monday,14464306,791.94,794.804711,346232
2021-10-12,41,2021,October,Tuesday,22918978,805.72,806.711059,499674
2021-10-13,41,2021,October,Wednesday,14470404,811.08,809.715096,347504
2021-10-14,41,2021,October,Thursday,12701953,818.32,817.402483,304271
2021-10-15,41,2021,October,Friday,19439060,843.03,833.200653,450800
2021-10-18,42,2021,October,Monday,25246436,870.11,865.133593,595633
2021-10-19,42,2021,October,Tuesday,17808882,864.27,869.709909,478946
2021-10-20,42,2021,October,Wednesday,14335208,865.8,864.327245,402600
2021-10-21,42,2021,October,Thursday,32096479,894.0,888.984069,737893
2021-10-22,42,2021,October,Friday,23564778,909.68,904.386977,575737
2021-10-25,43,2021,October,Monday,63703870,1024.86,990.392065,1654914
2021-10-26,43,2021,October,Tuesday,63161058,1018.43,1043.560299,1717724
2021-10-27,43,2021,October,Wednesday,39387863,1037.86,1048.502463,935168
2021-10-28,43,2021,October,Thursday,27853700,1077.04,1070.257479,665904
2021-10-29,43,2021,October,Friday,30566107,1114.0,1095.942159,756514
2021-11-01,44,2021,November,Monday,57142797,1208.59,1166.174938,1373417
2021-11-02,44,2021,November,Tuesday,43499255,1172.0,1176.601442,1230067
2021-11-03,44,2021,November,Wednesday,35071050,1213.86,1185.36429,880463
2021-11-04,44,2021,November,Thursday,25934479,1229.91,1233.419941,765006
2021-11-05,44,2021,November,Friday,22050239,1222.09,1227.244927,606013
2021-11-08,45,2021,November,Monday,34752811,1162.94,1173.913807,1095854
2021-11-09,45,2021,November,Tuesday,60134781,1023.5,1067.544939,1826130
2021-11-10,45,2021,November,Wednesday,43481926,1067.95,1049.015006,1325012
2021-11-11,45,2021,November,Thursday,22832119,1063.51,1073.067325,686865
2021-11-12,45,2021,November,Friday,26031201,1033.42,1033.182422,773660
2021-11-15,46,2021,November,Monday,35229701,1013.39,1000.460852,1250914
2021-11-16,46,2021,November,Tuesday,27469141,1054.73,1042.177134,715889
2021-11-17,46,2021,November,Wednesday,31968024,1089.01,1089.375399,891814
2021-11-18,46,2021,November,Thursday,21341044,1096.38,1095.339064,618224
2021-11-19,46,2021,November,Friday,22238064,1137.06,1117.658598,586598
2021-11-22,47,2021,November,Monday,34088754,1156.87,1174.422354,968872
2021-11-23,47,2021,November,Tuesday,36850290,1109.03,1114.313316,1032199
2021-11-24,47,2021,November,Wednesday,23158206,1116.0,1109.23916,645348
2021-11-26,47,2021,November,Friday,12181035,1081.92,1091.891247,391920
2021-11-29,48,2021,November,Monday,20409633,1136.99,1129.695816,612277
2021-11-30,48,2021,November,Tuesday,29265134,1144.76,1142.977091,656499
2021-12-01,48,2021,December,Wednesday,23428373,1095.0,1135.564929,711882
2021-12-02,48,2021,December,Thursday,25012886,1084.6,1084.624303,729086
2021-12-03,48,2021,December,Friday,31252687,1014.97,1028.694026,1038576
2021-12-06,49,2021,December,Monday,27700159,1009.01,990.841274,1013296
2021-12-07,49,2021,December,Tuesday,19382556,1051.75,1044.88588,536695
2021-12-08,49,2021,December,Wednesday,14426527,1068.96,1054.384596,422184
2021-12-09,49,2021,December,Thursday,20388059,1003.8,1026.343495,630805
2021-12-10,49,2021,December,Friday,20470631,1017.03,1004.994216,676251
2021-12-13,50,2021,December,Monday,27041052,966.41,970.510928,1051661
2021-12-14,50,2021,December,Tuesday,24215886,958.51,946.329543,759628
2021-12-15,50,2021,December,Wednesday,25703374,975.99,953.731435,764820
2021-12-16,50,2021,December,Thursday,28230933,926.92,947.283372,944105
2021-12-17,50,2021,December,Friday,39258711,932.57,935.65565,730582
2021-12-20,51,2021,December,Monday,19338849,899.94,903.605989,697955
2021-12-21,51,2021,December,Tuesday,24409953,938.53,916.526596,714359
2021-12-22,51,2021,December,Wednesday,31883923,1008.87,993.934432,900150
2021-12-23,51,2021,December,Thursday,31529757,1067.0,1046.009452,914000
2021-12-27,52,2021,December,Monday,24733549,1093.94,1099.30576,776902
2021-12-28,52,2021,December,Tuesday,20620439,1088.47,1093.387954,611869
2021-12-29,52,2021,December,Wednesday,19220231,1086.19,1084.825348,539016
2021-12-30,52,2021,December,Thursday,16013052,1070.34,1077.285281,493939
2021-12-31,52,2021,December,Friday,14005237,1056.78,1066.913873,379153
2022-01-03,1,2022,January,Monday,35894299,1199.78,1171.147807,1162847
2022-01-04,1,2022,January,Tuesday,34003431,1149.59,1162.198269,1051475
2022-01-05,1,2022,January,Wednesday,27320109,1088.12,1126.030942,811992
2022-01-06,1,2022,January,Thursday,30546172,1064.7,1060.413235,880979
2022-01-07,1,2022,January,Friday,28453410,1026.96,1039.284135,820823
2022-01-10,2,2022,January,Monday,31233376,1058.12,1017.805436,971561
2022-01-11,2,2022,January,Tuesday,22519365,1064.4,1060.509425,644113
2022-01-12,2,2022,January,Wednesday,28830184,1106.22,1096.152438,761542
2022-01-13,2,2022,January,Thursday,33200275,1031.56,1068.018908,924355
2022-01-14,2,2022,January,Friday,24801900,1049.61,1035.211539,708723
2022-01-18,3,2022,January,Tuesday,23116064,1030.51,1041.74413,662923
2022-01-19,3,2022,January,Wednesday,25552678,995.65,1015.239676,828700
2022-01-20,3,2022,January,Thursday,24019871,996.27,1018.475821,713221
2022-01-21,3,2022,January,Friday,35030961,943.9,963.898887,1140190
2022-01-24,4,2022,January,Monday,52061130,930.0,888.665883,1596995
2022-01-25,4,2022,January,Tuesday,29640559,918.4,921.72387,818785
2022-01-26,4,2022,January,Wednesday,35537357,937.41,946.725597,1099447
2022-01-27,4,2022,January,Thursday,49769480,829.1,866.888719,1862681
2022-01-28,4,2022,January,Friday,45605709,846.35,830.557475,1439109
2022-01-31,5,2022,January,Monday,36054753,936.72,913.770494,1019009
2022-02-01,5,2022,February,Tuesday,24990159,931.25,927.306022,756027
2022-02-02,5,2022,February,Wednesday,23046614,905.66,909.28321,716352
2022-02-03,5,2022,February,Thursday,26991037,891.14,908.772168,767221
2022-02-04,5,2022,February,Friday,24980935,923.32,914.60861,681221
2022-02-07,6,2022,February,Monday,20730953,907.34,921.849927,640687
2022-02-08,6,2022,February,Tuesday,17439099,922.0,914.99079,513027
2022-02-09,6,2022,February,Wednesday,17856443,932.0,932.854311,506988
2022-02-10,6,2022,February,Thursday,22647185,904.55,920.629666,689690
2022-02-11,6,2022,February,Friday,27045042,860.0,879.257944,946249
2022-02-14,7,2022,February,Monday,23132169,875.76,875.338605,696444
2022-02-15,7,2022,February,Tuesday,19821472,922.43,914.542245,595381
2022-02-16,7,2022,February,Wednesday,17753076,923.39,914.517148,475461
2022-02-17,7,2022,February,Thursday,18934304,876.35,890.37908,639883
2022-02-18,7,2022,February,Friday,23537693,856.98,856.46368,747330
2022-02-22,8,2022,February,Tuesday,29206762,821.53,823.535089,927744
2022-02-23,8,2022,February,Wednesday,32401059,764.04,789.109787,1234437
2022-02-24,8,2022,February,Thursday,46731804,800.77,755.379855,1313573
2022-02-25,8,2022,February,Friday,25868608,809.87,802.307336,749573
2022-02-28,9,2022,February,Monday,34573104,870.43,856.264997,875788
2022-03-01,9,2022,March,Tuesday,25524100,864.37,867.56481,673282
2022-03-02,9,2022,March,Wednesday,25410504,879.89,866.082341,692962
2022-03-03,9,2022,March,Thursday,21370587,839.29,854.64084,646507
2022-03-04,9,2022,March,Friday,23109623,838.29,839.713426,596429
2022-03-07,10,2022,March,Monday,25059944,804.58,830.572147,699901
2022-03-08,10,2022,March,Tuesday,27487604,824.4,821.493531,737840
2022-03-09,10,2022,March,Wednesday,20498396,858.97,850.782292,546175
2022-03-10,10,2022,March,Thursday,20063332,838.3,830.535447,571420
2022-03-11,10,2022,March,Friday,22925892,795.35,808.794536,745310
2022-03-14,11,2022,March,Monday,23877641,766.37,773.839255,783856
2022-03-15,11,2022,March,Tuesday,23050106,801.89,788.515326,620160
2022-03-16,11,2022,March,Wednesday,29157682,840.23,828.018636,751557
2022-03-17,11,2022,March,Thursday,23314040,871.6,857.165053,608932
2022-03-18,11,2022,March,Friday,39999104,905.39,896.960166,699105
2022-03-21,12,2022,March,Monday,28061022,921.16,922.39115,746493
2022-03-22,12,2022,March,Tuesday,36121584,993.98,963.483826,940961
2022-03-23,12,2022,March,Wednesday,40787949,999.11,1009.399387,1124239
2022-03-24,12,2022,March,Thursday,23756993,1013.92,1009.000798,684000
2022-03-25,12,2022,March,Friday,21175103,1010.64,1007.613677,591085
2022-03-28,13,2022,March,Monday,35642519,1091.84,1079.839344,1109118
2022-03-29,13,2022,March,Tuesday,25381550,1099.57,1096.818884,831063
2022-03-30,13,2022,March,Wednesday,20431173,1093.99,1098.428985,597501
2022-03-31,13,2022,March,Thursday,17280959,1077.6,1088.840374,509543
2022-04-01,13,2022,April,Friday,18520119,1084.59,1081.43318,546383
2022-04-04,14,2022,April,Monday,28012251,1145.45,1122.63345,859375
2022-04-05,14,2022,April,Tuesday,27191070,1091.26,1113.873914,859309
2022-04-06,14,2022,April,Wednesday,29995068,1045.76,1047.44032,963154
2022-04-07,14,2022,April,Thursday,26482353,1057.26,1051.328849,771755
2022-04-08,14,2022,April,Friday,18763593,1025.49,1034.362216,578908
2022-04-11,15,2022,April,Monday,19990460,975.93,987.835214,756595
2022-04-12,15,2022,April,Tuesday,22602533,986.95,997.084339,615652
2022-04-13,15,2022,April,Wednesday,18801401,1022.37,1005.113007,521652
2022-04-14,15,2022,April,Thursday,20485645,985.0,991.543876,580186
2022-04-18,16,2022,April,Monday,17544519,1004.29,997.466472,544523
2022-04-19,16,2022,April,Tuesday,17146925,1028.15,1021.522045,527909
2022-04-20,16,2022,April,Wednesday,24210107,977.2,998.029891,864911
2022-04-21,16,2022,April,Thursday,35784091,1008.78,1046.100744,1119159
2022-04-22,16,2022,April,Friday,23771812,1005.05,1013.747279,687821
2022-04-25,17,2022,April,Monday,23359892,998.02,992.71945,719908
2022-04-26,17,2022,April,Tuesday,46317045,876.42,910.826915,1570851
2022-04-27,17,2022,April,Wednesday,25911007,881.51,897.00504,913173
2022-04-28,17,2022,April,Thursday,42238147,877.51,859.172916,1367548
2022-04-29,17,2022,April,Friday,30278926,870.76,900.351355,887200
2022-05-02,18,2022,May,Monday,25994801,902.94,877.43727,786413
2022-05-03,18,2022,May,Tuesday,21733006,909.25,908.667822,607316
2022-05-04,18,2022,May,Wednesday,28143234,952.62,918.255649,728809
2022-05-05,18,2022,May,Thursday,31821412,873.28,889.948412,1016723
2022-05-06,18,2022,May,Friday,24805733,865.65,868.182333,787098
2022-05-09,19,2022,May,Monday,31114166,787.11,809.790731,1135045
2022-05-10,19,2022,May,Tuesday,28782115,800.04,800.49905,894446
2022-05-11,19,2022,May,Wednesday,33120950,734.0,765.360381,1144560
2022-05-12,19,2022,May,Thursday,47600415,728.0,720.853786,1393019
2022-05-13,19,2022,May,Friday,31421666,769.59,769.727436,860108
2022-05-16,20,2022,May,Monday,29171458,724.37,740.383642,844610
2022-05-17,20,2022,May,Tuesday,27343380,761.61,750.422803,728841
2022-05-18,20,2022,May,Wednesday,30021558,709.81,724.639583,888564
2022-05-19,20,2022,May,Thursday,30298072,709.42,712.328667,822375
2022-05-20,20,2022,May,Friday,49100588,663.9,663.757174,1678514
2022-05-23,21,2022,May,Monday,30255732,674.9,663.050698,885450
2022-05-24,21,2022,May,Tuesday,30370986,628.16,636.198577,916176
2022-05-25,21,2022,May,Wednesday,31456989,658.8,652.199073,773482
2022-05-26,21,2022,May,Thursday,36103863,707.73,695.595327,912916
2022-05-27,21,2022,May,Friday,30574317,759.63,747.618564,770849
2022-05-31,22,2022,May,Tuesday,34157647,758.26,759.960149,869761
2022-06-01,22,2022,June,Wednesday,26162027,740.37,747.008891,663700
2022-06-02,22,2022,June,Thursday,31680389,775.0,770.898852,762174
2022-06-03,22,2022,June,Friday,38129804,703.55,715.22014,1089426
2022-06-06,23,2022,June,Monday,28468894,714.84,716.436893,751097
2022-06-07,23,2022,June,Tuesday,24816813,716.66,710.187634,641262
2022-06-08,23,2022,June,Wednesday,25829172,725.6,734.554558,683901
2022-06-09,23,2022,June,Thursday,32689850,719.12,742.58586,876383
2022-06-10,23,2022,June,Friday,33187430,696.69,697.939047,966379
2022-06-13,24,2022,June,Monday,35372150,647.21,657.112661,1042433
2022-06-14,24,2022,June,Tuesday,33237521,662.67,656.346565,805385
2022-06-15,24,2022,June,Wednesday,40816879,699.0,684.001225,894426
2022-06-16,24,2022,June,Thursday,36889051,639.3,647.175177,979355
2022-06-17,24,2022,June,Friday,33665286,650.28,650.24921,670299
2022-06-21,25,2022,June,Tuesday,42485390,711.11,712.54749,1004688
2022-06-22,25,2022,June,Wednesday,34726381,708.26,718.385661,758539
2022-06-23,25,2022,June,Thursday,35475567,705.21,702.252501,795537
2022-06-24,25,2022,June,Friday,31970559,737.12,730.36856,681066
2022-06-27,26,2022,June,Monday,31119629,734.76,738.282389,681104
2022-06-28,26,2022,June,Tuesday,30896497,697.99,718.249835,777808
2022-06-29,26,2022,June,Wednesday,28073475,685.47,678.9345,735898
2022-06-30,26,2022,June,Thursday,32307871,673.42,674.569915,761007
2022-07-01,26,2022,July,Friday,25272795,681.79,676.875009,622186
2022-07-05,27,2022,July,Tuesday,28916706,699.2,675.016891,783240
2022-07-06,27,2022,July,Wednesday,24473467,695.2,691.355484,603512
2022-07-07,27,2022,July,Thursday,27792672,733.63,723.984568,699837
2022-07-08,27,2022,July,Friday,33693437,752.29,749.949858,800429
2022-07-11,28,2022,July,Monday,33753813,703.03,717.899361,875140
2022-07-12,28,2022,July,Tuesday,29906356,699.21,699.372768,691929
2022-07-13,28,2022,July,Wednesday,33124735,711.12,708.867654,769780
2022-07-14,28,2022,July,Thursday,26670807,714.94,701.884769,600571
2022-07-15,28,2022,July,Friday,23973251,720.2,719.059796,517244
2022-07-18,29,2022,July,Monday,28064155,721.64,738.390144,642643
2022-07-19,29,2022,July,Tuesday,27670201,736.59,729.680722,623007
2022-07-20,29,2022,July,Wednesday,30112664,742.5,744.912305,751734
2022-07-21,29,2022,July,Thursday,48166501,815.12,797.129116,1184825
2022-07-22,29,2022,July,Friday,35226667,816.73,825.521943,904928
2022-07-25,30,2022,July,Monday,22072005,805.3,810.820651,561060
2022-07-26,30,2022,July,Tuesday,22822141,776.58,782.0154,551725
2022-07-27,30,2022,July,Wednesday,30796709,824.46,811.563691,671566
2022-07-28,30,2022,July,Thursday,28816365,842.7,837.479939,700683
2022-07-29,30,2022,July,Friday,32633367,891.45,869.67246,777935
2022-08-01,31,2022,August,Monday,39620727,891.83,907.368496,1085385
2022-08-02,31,2022,August,Tuesday,32303926,901.76,905.278569,808468
2022-08-03,31,2022,August,Wednesday,27416253,922.19,918.96796,746901
2022-08-04,31,2022,August,Thursday,24576452,925.9,927.201693,694810
2022-08-05,31,2022,August,Friday,38357418,864.51,883.134068,1116972
2022-08-08,32,2022,August,Monday,33616823,871.27,892.316588,925613
2022-08-09,32,2022,August,Tuesday,29174690,850.0,852.446931,806271
2022-08-10,32,2022,August,Wednesday,32362122,883.07,873.422089,888686
2022-08-11,32,2022,August,Thursday,23863568,859.89,873.388682,726687
2022-08-12,32,2022,August,Friday,27145285,900.09,881.867359,669858
2022-08-15,33,2022,August,Monday,30279774,927.96,923.973299,825111
2022-08-16,33,2022,August,Tuesday,29881799,919.69,925.191167,805574
2022-08-17,33,2022,August,Wednesday,23300075,911.99,912.845623,611537
2022-08-18,33,2022,August,Thursday,16135100,908.61,912.66769,490142
2022-08-19,33,2022,August,Friday,21085574,890.0,887.244419,584410
2022-08-22,34,2022,August,Monday,19135811,869.74,867.426085,587359
2022-08-23,34,2022,August,Tuesday,21764092,889.36,884.431595,576127
2022-08-24,34,2022,August,Wednesday,19556429,891.29,900.123397,594438
2022-08-25,34,2022,August,Thursday,54671112,296.07,295.595121,1041469
2022-08-26,34,2022,August,Friday,59257066,288.09,292.509615,972030
2022-08-29,35,2022,August,Monday,43730113,284.82,284.401767,693165
2022-08-30,35,2022,August,Tuesday,51825894,277.7,279.441758,827149
2022-08-31,35,2022,August,Wednesday,56092315,275.61,276.345035,756732
2022-09-01,35,2022,September,Thursday,55804836,277.16,271.515892,836026
2022-09-02,35,2022,September,Friday,52523745,270.21,274.515651,755266
2022-09-06,36,2022,September,Tuesday,57451023,274.42,272.176237,852789
2022-09-07,36,2022,September,Wednesday,52170102,283.7,280.018569,717326
2022-09-08,36,2022,September,Thursday,55399153,289.26,286.167411,713366
2022-09-09,36,2022,September,Friday,56082207,299.68,297.367395,777365
2022-09-12,37,2022,September,Monday,50396267,304.42,303.612004,766857
2022-09-13,37,2022,September,Tuesday,70982158,292.13,293.799616,985169
2022-09-14,37,2022,September,Wednesday,74235471,302.61,300.546588,951746
2022-09-15,37,2022,September,Thursday,66398343,303.75,304.833222,855306
2022-09-16,37,2022,September,Friday,112306933,303.35,301.155428,754401
2022-09-19,38,2022,September,Monday,61634470,309.07,306.339498,842286
2022-09-20,38,2022,September,Tuesday,62988711,308.73,309.289034,819821
2022-09-21,38,2022,September,Wednesday,64435337,300.8,307.377991,837932
2022-09-22,38,2022,September,Thursday,72000682,288.59,291.603125,1086013
2022-09-23,38,2022,September,Friday,65490085,275.33,276.663503,1052624
2022-09-26,39,2022,September,Monday,59843049,276.01,278.128009,909219
2022-09-27,39,2022,September,Tuesday,63622379,282.94,283.471228,857135
2022-09-28,39,2022,September,Wednesday,57570596,287.81,283.61407,739950
2022-09-29,39,2022,September,Thursday,79669023,268.21,271.354939,1125575
2022-09-30,39,2022,September,Friday,70442182,265.25,268.86712,921345
2022-10-03,40,2022,October,Monday,101048630,242.4,245.347885,1539828
2022-10-04,40,2022,October,Tuesday,112007508,249.44,249.711551,1313288
2022-10-05,40,2022,October,Wednesday,88914813,240.81,238.577528,1172527
2022-10-06,40,2022,October,Thursday,70719650,238.13,239.33705,827249
2022-10-07,40,2022,October,Friday,85634482,223.07,226.437407,1236527
2022-10-10,41,2022,October,Monday,69326571,222.96,223.442777,890253
2022-10-11,41,2022,October,Tuesday,78495707,216.5,220.625393,926045
2022-10-12,41,2022,October,Wednesday,68676010,217.24,215.649795,809810
2022-10-13,41,2022,October,Thursday,94549943,221.72,215.480385,1157762
2022-10-14,41,2022,October,Friday,96221753,204.99,211.575265,1273344
2022-10-17,42,2022,October,Monday,82997077,219.35,217.490641,954633
2022-10-18,42,2022,October,Tuesday,77228084,220.19,221.647039,841840
2022-10-19,42,2022,October,Wednesday,68150056,222.04,219.813325,864646
2022-10-20,42,2022,October,Thursday,120301645,207.28,208.555279,1546089
2022-10-21,42,2022,October,Friday,78476531,214.44,210.317025,898257
2022-10-24,43,2022,October,Monday,102608679,211.25,205.745055,1305819
2022-10-25,43,2022,October,Tuesday,98376534,222.415,219.995288,1050831
2022-10-26,43,2022,October,Wednesday,86971998,224.64,226.519125,922633
2022-10-27,43,2022,October,Thursday,63313495,225.09,226.136258,740947
2022-10-28,43,2022,October,Friday,70775381,228.52,224.269165,791347
2022-10-31,44,2022,October,Monday,63582829,227.54,226.645988,717884
2022-11-01,44,2022,November,Tuesday,63918578,227.82,230.765928,701491
2022-11-02,44,2022,November,Wednesday,65195578,214.98,221.811224,802303
2022-11-03,44,2022,November,Thursday,58310152,215.31,216.284155,644112
2022-11-04,44,2022,November,Friday,100715317,207.47,211.083422,1196743
2022-11-07,45,2022,November,Monday,95450979,197.08,200.041028,1347597
2022-11-08,45,2022,November,Tuesday,132172579,191.3,191.428844,1540664
2022-11-09,45,2022,November,Wednesday,129491823,177.59,184.438027,1577361
2022-11-10,45,2022,November,Thursday,138031810,190.72,187.72115,1406976
2022-11-11,45,2022,November,Friday,116253329,195.97,191.50483,1164753
2022-11-14,46,2022,November,Monday,93827731,190.95,191.862532,953199
2022-11-15,46,2022,November,Tuesday,93223972,194.42,196.614904,984846
2022-11-16,46,2022,November,Wednesday,68342071,186.92,188.329905,812212
2022-11-17,46,2022,November,Thursday,65848836,183.17,183.554534,772743
2022-11-18,46,2022,November,Friday,77814167,180.19,179.216805,939374
2022-11-21,47,2022,November,Monday,95460527,167.87,170.832169,1251924
2022-11-22,47,2022,November,Tuesday,80402272,169.91,168.92993,863699
2022-11-23,47,2022,November,Wednesday,111649742,183.2,179.530859,1195380
2022-11-25,47,2022,November,Friday,51788297,182.86,182.948045,584243
2022-11-28,48,2022,November,Monday,94797017,182.92,184.745753,975440
2022-11-29,48,2022,November,Tuesday,84640855,180.83,182.464163,883448
2022-11-30,48,2022,November,Wednesday,117562401,194.7,187.982107,983612
2022-12-01,48,2022,December,Thursday,81924273,194.7,195.132333,855154
2022-12-02,48,2022,December,Friday,74986051,194.86,193.462186,830813
2022-12-05,49,2022,December,Monday,95180598,182.45,184.636732,1142297
2022-12-06,49,2022,December,Tuesday,93840008,179.82,178.561669,958150
2022-12-07,49,2022,December,Wednesday,86103119,174.04,174.176362,968029
2022-12-08,49,2022,December,Thursday,99166137,173.44,172.300832,990880
2022-12-09,49,2022,December,Friday,106899809,179.05,179.472629,1090347
2022-12-12,50,2022,December,Monday,112834677,167.82,170.379974,1292534
2022-12-13,50,2022,December,Tuesday,178493578,160.95,163.802628,2031805
2022-12-14,50,2022,December,Wednesday,142921860,156.8,158.121316,1524663
2022-12-15,50,2022,December,Thursday,125467436,157.67,157.556223,1220440
2022-12-16,50,2022,December,Friday,154808623,150.23,152.074515,1237907
2022-12-19,51,2022,December,Monday,142266303,149.87,150.556968,1358581
2022-12-20,51,2022,December,Tuesday,162188504,137.8,142.641176,1664088
2022-12-21,51,2022,December,Wednesday,147890851,137.57,138.704028,1332567
2022-12-22,51,2022,December,Thursday,212939787,125.35,127.74594,2022636
2022-12-23,51,2022,December,Friday,168947695,123.15,123.928897,1546189
2022-12-27,52,2022,December,Tuesday,212144442,109.1,113.427969,2057260
2022-12-28,52,2022,December,Wednesday,224197029,112.71,111.944666,2046316
2022-12-29,52,2022,December,Thursday,226370514,121.82,120.567766,1902592
2022-12-30,52,2022,December,Friday,160265129,123.18,122.138159,1499342
2023-01-03,1,2023,January,Tuesday,235727017,108.1,109.529782,2540115
2023-01-04,1,2023,January,Wednesday,183641524,113.64,111.807176,1652357
2023-01-05,1,2023,January,Thursday,160906940,110.34,109.666252,1337246
2023-01-06,1,2023,January,Friday,224113076,113.06,109.026178,2008686
2023-01-09,2,2023,January,Monday,194213551,119.77,121.006945,1740778
2023-01-10,2,2023,January,Tuesday,169904675,118.85,117.861528,1402653
2023-01-11,2,2023,January,Wednesday,187333311,123.22,122.683881,1509958
2023-01-12,2,2023,January,Thursday,172269894,123.56,121.074924,1432276
2023-01-13,2,2023,January,Friday,183250365,122.4,119.481067,1424077
2023-01-17,3,2023,January,Tuesday,190097742,131.49,129.370321,1495234
2023-01-18,3,2023,January,Wednesday,198301125,128.78,130.779693,1541863
2023-01-19,3,2023,January,Thursday,172462075,127.17,127.198501,1156276
2023-01-20,3,2023,January,Friday,141903857,133.42,131.041554,984544
2023-01-23,4,2023,January,Monday,206160335,143.75,141.174913,1479336
2023-01-24,4,2023,January,Tuesday,159796627,143.89,143.516452,1165806
2023-01-25,4,2023,January,Wednesday,194770773,144.43,143.321119,1579533
2023-01-26,4,2023,January,Thursday,238806737,160.27,157.84623,2046130
2023-01-27,4,2023,January,Friday,309508609,177.9,172.967094,2617785
2023-01-30,5,2023,January,Monday,233147806,166.66,172.224157,2010141
2023-01-31,5,2023,January,Tuesday,200228780,173.22,170.805801,1496831
2023-02-01,5,2023,February,Wednesday,216770911,181.41,175.894001,1598180
2023-02-02,5,2023,February,Thursday,218469998,188.27,190.505984,1949050
2023-02-03,5,2023,February,Friday,233445345,189.98,193.33817,1949563
2023-02-06,6,2023,February,Monday,190036857,194.76,194.550891,1591560
2023-02-07,6,2023,February,Tuesday,188507095,196.81,194.157625,1547236
2023-02-08,6,2023,February,Wednesday,183938354,201.29,200.286281,1575286
2023-02-09,6,2023,February,Thursday,217933700,207.32,209.897741,2118954
2023-02-10,6,2023,February,Friday,206408837,196.89,198.137172,1946430
2023-02-13,7,2023,February,Monday,175079033,194.64,193.319306,1522131
2023-02-14,7,2023,February,Tuesday,219017952,209.25,201.874853,1819456
2023-02-15,7,2023,February,Wednesday,184506548,214.24,211.63111,1666650
2023-02-16,7,2023,February,Thursday,232433061,202.04,211.229282,2110975
2023-02-17,7,2023,February,Friday,215700027,208.31,202.977656,1824502
2023-02-21,8,2023,February,Tuesday,182883285,197.37,202.354422,1812471
2023-02-22,8,2023,February,Wednesday,193669770,200.86,197.486654,1620644
2023-02-23,8,2023,February,Thursday,148545400,202.07,200.66829,1294330
2023-02-24,8,2023,February,Friday,144170167,196.88,195.592099,1348781
2023-02-27,9,2023,February,Monday,163868878,207.63,206.319974,1526658
2023-02-28,9,2023,February,Tuesday,155831905,205.71,207.077435,1422658
2023-03-01,9,2023,March,Wednesday,158351027,202.77,201.450914,1412450
2023-03-02,9,2023,March,Thursday,185079120,190.9,190.015898,1843864
2023-03-03,9,2023,March,Friday,156659208,197.79,197.497438,1381533
2023-03-06,10,2023,March,Monday,129800108,193.81,195.209405,1172410
2023-03-07,10,2023,March,Tuesday,149980263,187.71,190.09924,1386302
2023-03-08,10,2023,March,Wednesday,153743549,182.0,181.836481,1422864
2023-03-09,10,2023,March,Thursday,172622103,172.92,178.741591,1708133
2023-03-10,10,2023,March,Friday,193243948,173.44,174.268521,1617003
2023-03-13,11,2023,March,Monday,170522636,174.48,171.690784,1583456
2023-03-14,11,2023,March,Tuesday,147435545,183.26,181.220573,1184343
2023-03-15,11,2023,March,Wednesday,148087719,180.45,179.406453,1283034
2023-03-16,11,2023,March,Thursday,123504917,184.13,182.927329,1120982
2023-03-17,11,2023,March,Friday,140673982,180.13,180.52068,1168897
2023-03-20,12,2023,March,Monday,131142892,183.25,182.87388,1179256
2023-03-21,12,2023,March,Tuesday,156692653,197.58,193.751325,1456134
2023-03-22,12,2023,March,Wednesday,151877870,191.15,196.665029,1424880
2023-03-23,12,2023,March,Thursday,146042412,192.22,194.626653,1324624
2023-03-24,12,2023,March,Friday,117982059,190.41,189.562221,1091102
2023-03-27,13,2023,March,Monday,122264765,191.81,193.690017,1116468
2023-03-28,13,2023,March,Tuesday,99812095,189.19,188.2683,981385
2023-03-29,13,2023,March,Wednesday,125790497,193.88,192.400465,1020358
2023-03-30,13,2023,March,Thursday,111449080,195.28,195.868183,1019988
2023-03-31,13,2023,March,Friday,169897726,207.46,203.644902,1508649
2023-04-03,14,2023,April,Monday,171995041,194.77,196.020257,1819573
2023-04-04,14,2023,April,Tuesday,126771599,192.58,193.041038,1456296
2023-04-05,14,2023,April,Wednesday,135908595,185.52,186.315072,1507800
2023-04-06,14,2023,April,Thursday,125310410,185.06,184.068732,1178040
2023-04-10,15,2023,April,Monday,143434081,184.51,181.081362,1320897
2023-04-11,15,2023,April,Tuesday,116043520,186.79,187.384361,1073592
2023-04-12,15,2023,April,Wednesday,151966576,180.54,184.476921,1344530
2023-04-13,15,2023,April,Thursday,115038387,185.9,184.837686,979663
2023-04-14,15,2023,April,Friday,97375904,185.0,184.013089,872088
2023-04-17,16,2023,April,Monday,116928292,187.04,185.659283,1084266
2023-04-18,16,2023,April,Tuesday,93361003,184.31,185.113356,851225
2023-04-19,16,2023,April,Wednesday,127232811,180.59,180.049242,1398580
2023-04-20,16,2023,April,Thursday,212312382,162.99,164.941099,2473947
2023-04-21,16,2023,April,Friday,124041326,165.08,164.132142,1204818
2023-04-24,17,2023,April,Monday,140388805,162.55,161.478687,1306874
2023-04-25,17,2023,April,Tuesday,123970767,160.67,161.725158,1054896
2023-04-26,17,2023,April,Wednesday,153807269,153.75,155.837835,1440738
2023-04-27,17,2023,April,Thursday,127559033,160.19,157.195073,1211252
2023-04-28,17,2023,April,Friday,122681581,164.31,162.43977,996514
2023-05-01,18,2023,May,Monday,109015048,161.83,161.338575,942092
2023-05-02,18,2023,May,Tuesday,129991463,160.31,161.799745,1017088
2023-05-03,18,2023,May,Wednesday,119996538,160.61,163.261585,1050064
2023-05-04,18,2023,May,Thursday,96455284,161.2,161.379011,856344
2023-05-05,18,2023,May,Friday,107762572,170.06,168.110345,996509
2023-05-08,19,2023,May,Monday,113778778,171.79,171.385666,1090573
2023-05-09,19,2023,May,Tuesday,90255109,169.15,168.165145,923866
2023-05-10,19,2023,May,Wednesday,121790436,168.54,170.246033,1252316
2023-05-11,19,2023,May,Thursday,105419706,172.08,169.610493,1111442
2023-05-12,19,2023,May,Friday,159387762,167.98,171.278613,1513458
2023-05-15,20,2023,May,Monday,106963159,166.35,166.89682,1001743
2023-05-16,20,2023,May,Tuesday,99504201,166.52,167.36343,919432
2023-05-17,20,2023,May,Wednesday,125821659,173.86,172.320572,1177816
2023-05-18,20,2023,May,Thursday,109851927,176.89,174.812602,1017065
2023-05-19,20,2023,May,Friday,138446981,180.14,179.56199,1214566
2023-05-22,21,2023,May,Monday,134070807,188.87,185.697526,1292956
2023-05-23,21,2023,May,Tuesday,158734682,185.77,188.734188,1376483
2023-05-24,21,2023,May,Wednesday,139352622,182.9,181.511023,1266051
2023-05-25,21,2023,May,Thursday,97294549,184.47,184.161982,954332
2023-05-26,21,2023,May,Friday,162009883,193.17,193.102394,1500699
2023-05-30,22,2023,May,Tuesday,130007767,201.16,200.468063,1392078
2023-05-31,22,2023,May,Wednesday,151250878,203.93,199.482407,1291745
2023-06-01,22,2023,June,Thursday,150665749,207.52,205.100473,1452084
2023-06-02,22,2023,June,Friday,183261050,213.97,214.439409,1778220
2023-06-05,23,2023,June,Monday,151190261,217.61,218.198041,1507708
2023-06-06,23,2023,June,Tuesday,147003677,221.31,218.068905,1376249
2023-06-07,23,2023,June,Wednesday,185727837,224.57,226.60384,1779833
2023-06-08,23,2023,June,Thursday,164944844,234.86,231.985359,1608847
2023-06-09,23,2023,June,Friday,200219026,244.4,247.159849,2090864
2023-06-12,24,2023,June,Monday,150748668,249.83,247.980079,1493211
2023-06-13,24,2023,June,Tuesday,162430817,258.71,255.932812,1661007
2023-06-14,24,2023,June,Wednesday,170582046,256.79,257.193877,1700385
2023-06-15,24,2023,June,Thursday,160243925,255.9,255.488105,1650404
2023-06-16,24,2023,June,Friday,167870859,260.54,260.56978,1569918
2023-06-20,25,2023,June,Tuesday,165715696,274.45,267.973199,1713207
2023-06-21,25,2023,June,Wednesday,211873265,259.46,265.430223,2159676
2023-06-22,25,2023,June,Thursday,166930967,264.61,259.820481,1730686
2023-06-23,25,2023,June,Friday,177677228,256.6,257.718092,1712271
2023-06-26,26,2023,June,Monday,180148413,241.05,248.465981,1938824
2023-06-27,26,2023,June,Tuesday,165118461,250.21,246.082516,1623441
2023-06-28,26,2023,June,Wednesday,159844461,256.24,255.822427,1545231
2023-06-29,26,2023,June,Thursday,131283361,257.5,256.882461,1320691
2023-06-30,26,2023,June,Friday,111804671,261.77,262.738164,1179792
2023-07-03,27,2023,July,Monday,119592488,279.82,279.437025,1446455
2023-07-05,27,2023,July,Wednesday,131586954,282.48,280.56532,1350154
2023-07-06,27,2023,July,Thursday,120745103,276.54,276.530044,1301843
2023-07-07,27,2023,July,Friday,113879175,274.43,277.49628,1204968
2023-07-10,28,2023,July,Monday,119453341,269.61,269.978931,1361292
2023-07-11,28,2023,July,Tuesday,91990575,269.79,268.529714,1022899
2023-07-12,28,2023,July,Wednesday,95701451,271.99,273.49282,1031260
2023-07-13,28,2023,July,Thursday,112695960,277.9,274.843588,1143574
2023-07-14,28,2023,July,Friday,120091488,281.38,280.69684,1267639
2023-07-17,29,2023,July,Monday,131642475,290.38,288.112325,1503496
2023-07-18,29,2023,July,Tuesday,112465031,293.34,290.108658,1261573
2023-07-19,29,2023,July,Wednesday,143260902,291.26,294.142214,1800293
2023-07-20,29,2023,July,Thursday,175314537,262.9,269.758837,2370073
2023-07-21,29,2023,July,Friday,162417593,260.02,261.903007,1641747
2023-07-24,30,2023,July,Monday,137060400,269.06,264.10893,1547085
2023-07-25,30,2023,July,Tuesday,112797579,265.28,268.553401,1254555
2023-07-26,30,2023,July,Wednesday,95887686,264.35,264.826928,983841
2023-07-27,30,2023,July,Thursday,103754401,255.71,262.879013,1206919
2023-07-28,30,2023,July,Friday,111446027,266.44,264.289633,1121339
2023-07-31,31,2023,July,Monday,84605432,267.43,266.638036,1000450
2023-08-01,31,2023,August,Tuesday,83728932,261.07,262.354893,989391
2023-08-02,31,2023,August,Wednesday,101804109,254.11,254.716907,1222360
2023-08-03,31,2023,August,Thursday,97886224,259.32,256.804479,1030220
2023-08-04,31,2023,August,Friday,99539908,253.86,258.207728,1052952
2023-08-07,32,2023,August,Monday,111121391,251.45,247.898012,1358005
2023-08-08,32,2023,August,Tuesday,96661635,249.7,248.562756,1030079
2023-08-09,32,2023,August,Wednesday,101635663,242.19,245.203074,1078830
2023-08-10,32,2023,August,Thursday,109519642,245.34,246.91791,1138934
2023-08-11,32,2023,August,Friday,99038644,242.65,241.49952,1121628
2023-08-14,33,2023,August,Monday,98618323,239.76,237.867208,1396846
2023-08-15,33,2023,August,Tuesday,88246178,232.96,235.160122,1053546
2023-08-16,33,2023,August,Wednesday,112548579,225.6,229.193357,1296486
2023-08-17,33,2023,August,Thursday,120776489,219.22,222.847209,1322338
2023-08-18,33,2023,August,Friday,136276586,215.49,215.328796,1455662
2023-08-21,34,2023,August,Monday,135775026,231.28,227.565825,1475613
2023-08-22,34,2023,August,Tuesday,130622922,233.19,234.549412,1382016
2023-08-23,34,2023,August,Wednesday,101159557,236.86,235.07854,1085857
2023-08-24,34,2023,August,Thursday,99815698,230.04,231.974698,1105418
2023-08-25,34,2023,August,Friday,106612231,238.59,235.063764,1174889
2023-08-28,35,2023,August,Monday,107692662,238.82,238.59897,1146637
2023-08-29,35,2023,August,Tuesday,134104874,257.18,250.63451,1418770
2023-08-30,35,2023,August,Wednesday,122003655,256.9,255.874499,1295488
2023-08-31,35,2023,August,Thursday,108876603,258.08,258.034691,1067030
2023-09-01,35,2023,September,Friday,132541641,245.01,248.277271,1530009
2023-09-05,36,2023,September,Tuesday,129487693,256.49,253.70673,1370470
2023-09-06,36,2023,September,Wednesday,117006956,251.92,249.547539,1211279
2023-09-07,36,2023,September,Thursday,115336750,251.49,248.238975,1182303
2023-09-08,36,2023,September,Friday,118559636,248.5,251.377492,1195154
2023-09-11,37,2023,September,Monday,174749854,273.58,268.73679,2044075
2023-09-12,37,2023,September,Tuesday,136025998,267.48,271.598237,1442298
2023-09-13,37,2023,September,Wednesday,111716974,271.3,271.579114,1171603
2023-09-14,37,2023,September,Thursday,107771198,276.04,274.497191,1158823
2023-09-15,37,2023,September,Friday,133692313,274.39,274.325352,1265828
2023-09-18,38,2023,September,Monday,101568477,265.28,266.830184,1255543
2023-09-19,38,2023,September,Tuesday,103715350,266.5,264.952614,1070185
2023-09-20,38,2023,September,Wednesday,122540120,262.59,268.262767,1271360
2023-09-21,38,2023,September,Thursday,120037067,255.7,257.491178,1303664
2023-09-22,38,2023,September,Friday,127524085,244.88,251.417679,1375479
2023-09-25,39,2023,September,Monday,104668716,246.99,244.197325,1196613
2023-09-26,39,2023,September,Tuesday,102033779,244.12,245.559325,1118004
2023-09-27,39,2023,September,Wednesday,136616287,240.5,240.479286,1393690
2023-09-28,39,2023,September,Thursday,117096968,246.38,243.99998,1190994
2023-09-29,39,2023,September,Friday,128526716,250.22,251.035387,1255461
2023-10-02,40,2023,October,Monday,123843037,251.6,249.402202,1312966
2023-10-03,40,2023,October,Tuesday,102002965,246.53,247.365586,1065647
2023-10-04,40,2023,October,Wednesday,129770722,261.16,255.803969,1388771
2023-10-05,40,2023,October,Thursday,119185414,260.05,259.669316,1197909
2023-10-06,40,2023,October,Friday,118121814,260.53,256.323399,1279581
2023-10-09,41,2023,October,Monday,101409033,259.67,256.316596,1145157
2023-10-10,41,2023,October,Tuesday,122684320,263.62,264.945328,1241762
2023-10-11,41,2023,October,Wednesday,103727058,262.99,264.06865,1077717
2023-10-12,41,2023,October,Thursday,111551409,258.87,261.719629,1178945
2023-10-13,41,2023,October,Friday,102296788,251.12,254.045172,1103540
2023-10-16,42,2023,October,Monday,88930672,253.92,252.907669,1046053
2023-10-17,42,2023,October,Tuesday,93573488,254.85,253.224453,1021579
2023-10-18,42,2023,October,Wednesday,125980440,242.68,245.928478,1482744
2023-10-19,42,2023,October,Thursday,170944596,220.11,221.976513,2329342
2023-10-20,42,2023,October,Friday,138010097,211.99,214.004238,1583140
2023-10-23,43,2023,October,Monday,150750605,212.08,211.570887,1658376
2023-10-24,43,2023,October,Tuesday,118259645,216.52,217.629928,1291170
2023-10-25,43,2023,October,Wednesday,107288896,212.42,215.935216,1212408
2023-10-26,43,2023,October,Thursday,115208783,205.76,208.326201,1276215
2023-10-27,43,2023,October,Friday,94882274,207.3,208.660996,1046258
2023-10-30,44,2023,October,Monday,136503931,197.36,200.008491,1630868
2023-10-31,44,2023,October,Tuesday,118088997,200.84,199.042062,1388090
2023-11-01,44,2023,November,Wednesday,121710684,205.66,201.951254,1318233
2023-11-02,44,2023,November,Thursday,126084508,218.51,216.366565,1338281
2023-11-03,44,2023,November,Friday,119534792,219.96,221.158273,1247127
2023-11-06,45,2023,November,Monday,117394735,219.27,219.574593,1266125
2023-11-07,45,2023,November,Tuesday,116927581,222.18,219.140673,1141257
2023-11-08,45,2023,November,Wednesday,106603872,222.11,220.30937,1070149
2023-11-09,45,2023,November,Thursday,142156105,209.98,211.823317,1959549
2023-11-10,45,2023,November,Friday,131314334,214.65,211.776261,1428607
2023-11-13,46,2023,November,Monday,140617709,223.71,221.116498,1474678
2023-11-14,46,2023,November,Tuesday,149930341,237.41,234.662374,1537716
2023-11-15,46,2023,November,Wednesday,150391782,242.84,242.711759,1553354
2023-11-16,46,2023,November,Thursday,136900875,233.59,235.518293,1391883
2023-11-17,46,2023,November,Friday,142766236,234.3,233.279326,1376658
2023-11-20,47,2023,November,Monday,116591874,235.6,234.228769,1218647
2023-11-21,47,2023,November,Tuesday,122332956,241.2,240.8892,1217064
2023-11-22,47,2023,November,Wednesday,118143474,234.21,234.730836,1287157
2023-11-24,47,2023,November,Friday,65125204,235.45,236.399808,738518
2023-11-27,48,2023,November,Monday,112057261,236.08,235.622755,1163418
2023-11-28,48,2023,November,Tuesday,148648582,246.72,241.131927,1511154
2023-11-29,48,2023,November,Wednesday,135445276,244.14,248.050984,1386040
2023-11-30,48,2023,November,Thursday,132457365,240.08,240.686891,1270598
2023-12-01,48,2023,December,Friday,121331711,238.83,236.479036,1293937
2023-12-04,49,2023,December,Monday,104114066,235.58,236.429311,1093929
2023-12-05,49,2023,December,Tuesday,138001929,238.72,241.036565,1294531
2023-12-06,49,2023,December,Wednesday,126467079,239.37,243.351934,1204659
2023-12-07,49,2023,December,Thursday,107162580,242.64,240.899123,1043435
2023-12-08,49,2023,December,Friday,103020607,243.84,243.007099,1034453
2023-12-11,50,2023,December,Monday,97934659,239.74,240.181254,1127820
2023-12-12,50,2023,December,Tuesday,95351249,237.01,235.849941,1060558
2023-12-13,50,2023,December,Wednesday,146287024,239.29,233.852499,1443587
2023-12-14,50,2023,December,Thursday,160856357,251.05,248.748395,1655908
2023-12-15,50,2023,December,Friday,135813500,253.5,252.039081,1183068
2023-12-18,51,2023,December,Monday,116439752,252.08,254.936505,1224579
2023-12-19,51,2023,December,Tuesday,106763970,257.22,256.192478,1030651
2023-12-20,51,2023,December,Wednesday,125136084,247.14,254.464617,1275033
2023-12-21,51,2023,December,Thursday,109639080,254.5,252.046691,1050747
2023-12-22,51,2023,December,Friday,93280912,252.54,255.179522,969373
2023-12-26,52,2023,December,Tuesday,86911086,256.61,256.372042,948979
2023-12-27,52,2023,December,Wednesday,106526727,261.44,261.726845,1043469
2023-12-28,52,2023,December,Thursday,113656066,253.18,258.490502,1160244
2023-12-29,52,2023,December,Friday,100695577,248.48,250.359299,1060416
